{
  "model1": {
    "digits_paraphrase": {
      "acc_per_layer": {
        "1": 0.5786666666666667,
        "2": 0.636,
        "3": 0.562,
        "4": 0.5406666666666666,
        "5": 0.6726666666666666,
        "6": 0.67,
        "7": 0.6726666666666666,
        "8": 0.72,
        "9": 0.732,
        "10": 0.7693333333333333,
        "11": 0.7946666666666666,
        "12": 0.7366666666666667,
        "13": 0.762,
        "14": 0.7293333333333333,
        "15": 0.7733333333333333,
        "16": 0.7226666666666667,
        "17": 0.7746666666666666,
        "18": 0.7273333333333334,
        "19": 0.712,
        "20": 0.7886666666666666,
        "21": 0.7493333333333333,
        "22": 0.7733333333333333,
        "23": 0.7966666666666666,
        "24": 0.7533333333333333,
        "25": 0.7273333333333334,
        "26": 0.698,
        "27": 0.6526666666666666,
        "28": 0.7533333333333333,
        "29": 0.6333333333333333,
        "30": 0.6993333333333334,
        "31": 0.38066666666666665,
        "32": 0.6166666666666667,
        "33": 0.7466666666666667,
        "34": 0.7486666666666667,
        "35": 0.702,
        "36": 0.6973333333333334
      },
      "best_layer": 23,
      "err_by_dist": {
        "0": [
          0.3788187372708758,
          491
        ],
        "1": [
          0.11793855302279485,
          1009
        ]
      },
      "err_by_dir": {
        "-1": [
          0.12475247524752475,
          505
        ],
        "0": [
          0.3788187372708758,
          491
        ],
        "1": [
          0.1111111111111111,
          504
        ]
      }
    },
    "words": {
      "acc_per_layer": {
        "1": 0.432,
        "2": 0.612,
        "3": 0.5713333333333334,
        "4": 0.5326666666666666,
        "5": 0.6666666666666666,
        "6": 0.668,
        "7": 0.6673333333333333,
        "8": 0.5553333333333333,
        "9": 0.47,
        "10": 0.41333333333333333,
        "11": 0.612,
        "12": 0.6346666666666667,
        "13": 0.602,
        "14": 0.498,
        "15": 0.5246666666666666,
        "16": 0.5786666666666667,
        "17": 0.5426666666666666,
        "18": 0.44266666666666665,
        "19": 0.5166666666666667,
        "20": 0.6026666666666667,
        "21": 0.5053333333333333,
        "22": 0.6046666666666667,
        "23": 0.5626666666666666,
        "24": 0.6066666666666667,
        "25": 0.4573333333333333,
        "26": 0.392,
        "27": 0.37333333333333335,
        "28": 0.41733333333333333,
        "29": 0.35333333333333333,
        "30": 0.46266666666666667,
        "31": 0.38,
        "32": 0.422,
        "33": 0.49933333333333335,
        "34": 0.514,
        "35": 0.5026666666666667,
        "36": 0.5446666666666666
      },
      "best_layer": 6,
      "err_by_dist": {
        "0": [
          0.9959919839679359,
          499
        ],
        "1": [
          0.000999000999000999,
          1001
        ]
      },
      "err_by_dir": {
        "-1": [
          0.0,
          495
        ],
        "0": [
          0.9959919839679359,
          499
        ],
        "1": [
          0.001976284584980237,
          506
        ]
      }
    }
  }
}