{
  "model1": {
    "digits_paraphrase": {
      "acc_per_layer": {
        "1": 0.794,
        "2": 0.48333333333333334,
        "3": 0.6266666666666667,
        "4": 0.838,
        "5": 0.7453333333333333,
        "6": 0.864,
        "7": 0.8706666666666667,
        "8": 0.918,
        "9": 0.7373333333333333,
        "10": 0.77,
        "11": 0.7733333333333333,
        "12": 0.7133333333333334,
        "13": 0.618,
        "14": 0.7006666666666667,
        "15": 0.6073333333333333,
        "16": 0.5133333333333333,
        "17": 0.638,
        "18": 0.6726666666666666,
        "19": 0.6526666666666666,
        "20": 0.776,
        "21": 0.5306666666666666,
        "22": 0.6866666666666666,
        "23": 0.918,
        "24": 0.8466666666666667,
        "25": 0.7253333333333334,
        "26": 0.7406666666666667,
        "27": 0.7853333333333333,
        "28": 0.7666666666666667,
        "29": 0.786,
        "30": 0.6053333333333333,
        "31": 0.4726666666666667,
        "32": 0.5873333333333334,
        "33": 0.48533333333333334,
        "34": 0.7813333333333333,
        "35": 0.704,
        "36": 0.5973333333333334
      },
      "best_layer": 8,
      "err_by_dist": {
        "0": [
          0.043010752688172046,
          279
        ],
        "1": [
          0.08589951377633712,
          617
        ],
        "2": [
          0.09602649006622517,
          604
        ]
      },
      "err_by_dir": {
        "-1": [
          0.10492845786963434,
          629
        ],
        "0": [
          0.043010752688172046,
          279
        ],
        "1": [
          0.07601351351351351,
          592
        ]
      }
    },
    "words": {
      "acc_per_layer": {
        "1": 0.6053333333333333,
        "2": 0.5246666666666666,
        "3": 0.5313333333333333,
        "4": 0.5853333333333334,
        "5": 0.5213333333333333,
        "6": 0.5086666666666667,
        "7": 0.48933333333333334,
        "8": 0.5086666666666667,
        "9": 0.476,
        "10": 0.44666666666666666,
        "11": 0.4126666666666667,
        "12": 0.4,
        "13": 0.36666666666666664,
        "14": 0.4013333333333333,
        "15": 0.556,
        "16": 0.512,
        "17": 0.49933333333333335,
        "18": 0.554,
        "19": 0.5326666666666666,
        "20": 0.5066666666666667,
        "21": 0.388,
        "22": 0.46,
        "23": 0.45066666666666666,
        "24": 0.5073333333333333,
        "25": 0.43533333333333335,
        "26": 0.4073333333333333,
        "27": 0.4053333333333333,
        "28": 0.398,
        "29": 0.4786666666666667,
        "30": 0.42133333333333334,
        "31": 0.47,
        "32": 0.5,
        "33": 0.44266666666666665,
        "34": 0.4706666666666667,
        "35": 0.494,
        "36": 0.584
      },
      "best_layer": 1,
      "err_by_dist": {
        "0": [
          0.02456140350877193,
          285
        ],
        "1": [
          0.022187004754358162,
          631
        ],
        "2": [
          0.9777397260273972,
          584
        ]
      },
      "err_by_dir": {
        "-1": [
          0.47540983606557374,
          610
        ],
        "0": [
          0.02456140350877193,
          285
        ],
        "1": [
          0.48760330578512395,
          605
        ]
      }
    }
  }
}