{
  "model1": {
    "digits_paraphrase": {
      "acc_per_layer": {
        "1": 0.44066666666666665,
        "2": 0.5573333333333333,
        "3": 0.56,
        "4": 0.47,
        "5": 0.5566666666666666,
        "6": 0.5573333333333333,
        "7": 0.5473333333333333,
        "8": 0.484,
        "9": 0.4553333333333333,
        "10": 0.5446666666666666,
        "11": 0.498,
        "12": 0.48133333333333334,
        "13": 0.43933333333333335,
        "14": 0.558,
        "15": 0.476,
        "16": 0.5053333333333333,
        "17": 0.43933333333333335,
        "18": 0.5593333333333333,
        "19": 0.5613333333333334,
        "20": 0.44466666666666665,
        "21": 0.474,
        "22": 0.5593333333333333,
        "23": 0.5313333333333333,
        "24": 0.5593333333333333,
        "25": 0.44533333333333336,
        "26": 0.5606666666666666,
        "27": 0.504,
        "28": 0.5673333333333334,
        "29": 0.5373333333333333,
        "30": 0.5193333333333333,
        "31": 0.56,
        "32": 0.44066666666666665,
        "33": 0.5666666666666667,
        "34": 0.5593333333333333,
        "35": 0.4806666666666667,
        "36": 0.5573333333333333
      },
      "best_layer": 28,
      "err_by_dist": {
        "0": [
          0.8777292576419214,
          229
        ],
        "1": [
          0.8773148148148148,
          432
        ],
        "2": [
          0.0967741935483871,
          403
        ],
        "3": [
          0.06880733944954129,
          436
        ]
      },
      "err_by_dir": {
        "-1": [
          0.3412816691505216,
          671
        ],
        "0": [
          0.8777292576419214,
          229
        ],
        "1": [
          0.365,
          600
        ]
      }
    },
    "words": {
      "acc_per_layer": {
        "1": 0.43466666666666665,
        "2": 0.5753333333333334,
        "3": 0.5266666666666666,
        "4": 0.42733333333333334,
        "5": 0.5273333333333333,
        "6": 0.4746666666666667,
        "7": 0.5706666666666667,
        "8": 0.5033333333333333,
        "9": 0.5173333333333333,
        "10": 0.5053333333333333,
        "11": 0.448,
        "12": 0.426,
        "13": 0.4553333333333333,
        "14": 0.4786666666666667,
        "15": 0.4573333333333333,
        "16": 0.5466666666666666,
        "17": 0.4673333333333333,
        "18": 0.5526666666666666,
        "19": 0.5286666666666666,
        "20": 0.43466666666666665,
        "21": 0.5306666666666666,
        "22": 0.5286666666666666,
        "23": 0.464,
        "24": 0.5053333333333333,
        "25": 0.44133333333333336,
        "26": 0.47733333333333333,
        "27": 0.45866666666666667,
        "28": 0.48133333333333334,
        "29": 0.4493333333333333,
        "30": 0.44866666666666666,
        "31": 0.548,
        "32": 0.428,
        "33": 0.528,
        "34": 0.5106666666666667,
        "35": 0.4746666666666667,
        "36": 0.54
      },
      "best_layer": 2,
      "err_by_dist": {
        "0": [
          0.9183673469387755,
          196
        ],
        "1": [
          0.9260089686098655,
          446
        ],
        "2": [
          0.05251141552511415,
          438
        ],
        "3": [
          0.05,
          420
        ]
      },
      "err_by_dir": {
        "-1": [
          0.336283185840708,
          678
        ],
        "0": [
          0.9183673469387755,
          196
        ],
        "1": [
          0.365814696485623,
          626
        ]
      }
    }
  }
}