{
  "model1": {
    "digits_paraphrase": {
      "acc_per_layer": {
        "1": 0.6413333333333333,
        "2": 0.6406666666666667,
        "3": 0.624,
        "4": 0.6413333333333333,
        "5": 0.6413333333333333,
        "6": 0.6413333333333333,
        "7": 0.6353333333333333,
        "8": 0.624,
        "9": 0.6366666666666667,
        "10": 0.6406666666666667,
        "11": 0.6446666666666667,
        "12": 0.616,
        "13": 0.6333333333333333,
        "14": 0.6406666666666667,
        "15": 0.6413333333333333,
        "16": 0.644,
        "17": 0.6366666666666667,
        "18": 0.646,
        "19": 0.642,
        "20": 0.642,
        "21": 0.6453333333333333,
        "22": 0.6413333333333333,
        "23": 0.6466666666666666,
        "24": 0.6253333333333333,
        "25": 0.5686666666666667,
        "26": 0.576,
        "27": 0.6393333333333333,
        "28": 0.6273333333333333,
        "29": 0.6413333333333333,
        "30": 0.6206666666666667,
        "31": 0.6413333333333333,
        "32": 0.6413333333333333,
        "33": 0.632,
        "34": 0.6413333333333333,
        "35": 0.6406666666666667,
        "36": 0.6413333333333333
      },
      "best_layer": 23,
      "err_by_dist": {
        "0": [
          0.8846153846153846,
          182
        ],
        "1": [
          0.9466292134831461,
          356
        ],
        "2": [
          0.020338983050847456,
          295
        ],
        "3": [
          0.05501618122977346,
          309
        ],
        "4": [
          0.025139664804469275,
          358
        ]
      },
      "err_by_dir": {
        "-1": [
          0.28293413173652693,
          668
        ],
        "0": [
          0.8846153846153846,
          182
        ],
        "1": [
          0.27692307692307694,
          650
        ]
      }
    },
    "words": {
      "acc_per_layer": {
        "1": 0.6746666666666666,
        "2": 0.5566666666666666,
        "3": 0.5433333333333333,
        "4": 0.6746666666666666,
        "5": 0.6746666666666666,
        "6": 0.672,
        "7": 0.67,
        "8": 0.5746666666666667,
        "9": 0.5406666666666666,
        "10": 0.6133333333333333,
        "11": 0.5806666666666667,
        "12": 0.536,
        "13": 0.6406666666666667,
        "14": 0.65,
        "15": 0.6033333333333334,
        "16": 0.4033333333333333,
        "17": 0.41133333333333333,
        "18": 0.4086666666666667,
        "19": 0.592,
        "20": 0.542,
        "21": 0.6366666666666667,
        "22": 0.602,
        "23": 0.41133333333333333,
        "24": 0.5046666666666667,
        "25": 0.36533333333333334,
        "26": 0.5353333333333333,
        "27": 0.65,
        "28": 0.5713333333333334,
        "29": 0.41,
        "30": 0.432,
        "31": 0.646,
        "32": 0.6586666666666666,
        "33": 0.4106666666666667,
        "34": 0.5526666666666666,
        "35": 0.5933333333333334,
        "36": 0.6466666666666666
      },
      "best_layer": 1,
      "err_by_dist": {
        "0": [
          1.0,
          156
        ],
        "1": [
          1.0,
          332
        ],
        "2": [
          0.0,
          320
        ],
        "3": [
          0.0,
          343
        ],
        "4": [
          0.0,
          349
        ]
      },
      "err_by_dir": {
        "-1": [
          0.2572741194486983,
          653
        ],
        "0": [
          1.0,
          156
        ],
        "1": [
          0.23733719247467439,
          691
        ]
      }
    }
  }
}