{
  "model1": {
    "digits_paraphrase": {
      "acc_per_layer": {
        "1": 0.6413333333333333,
        "2": 0.6413333333333333,
        "3": 0.6413333333333333,
        "4": 0.6413333333333333,
        "5": 0.634,
        "6": 0.6333333333333333,
        "7": 0.5246666666666666,
        "8": 0.5573333333333333,
        "9": 0.6346666666666667,
        "10": 0.564,
        "11": 0.6106666666666667,
        "12": 0.618,
        "13": 0.632,
        "14": 0.608,
        "15": 0.614,
        "16": 0.6393333333333333,
        "17": 0.646,
        "18": 0.6393333333333333,
        "19": 0.606,
        "20": 0.6426666666666667,
        "21": 0.638,
        "22": 0.6313333333333333,
        "23": 0.582,
        "24": 0.6466666666666666,
        "25": 0.628,
        "26": 0.596,
        "27": 0.648,
        "28": 0.6366666666666667,
        "29": 0.63,
        "30": 0.62,
        "31": 0.6413333333333333,
        "32": 0.6306666666666667,
        "33": 0.628,
        "34": 0.5713333333333334,
        "35": 0.584,
        "36": 0.5933333333333334,
        "37": 0.648,
        "38": 0.59,
        "39": 0.5753333333333334,
        "40": 0.6153333333333333,
        "41": 0.5986666666666667,
        "42": 0.6206666666666667,
        "43": 0.6466666666666666,
        "44": 0.6453333333333333,
        "45": 0.6546666666666666,
        "46": 0.652,
        "47": 0.6453333333333333,
        "48": 0.65,
        "49": 0.6426666666666667,
        "50": 0.6413333333333333,
        "51": 0.646,
        "52": 0.6413333333333333,
        "53": 0.6353333333333333,
        "54": 0.642,
        "55": 0.634,
        "56": 0.6453333333333333,
        "57": 0.6446666666666667,
        "58": 0.636,
        "59": 0.6433333333333333,
        "60": 0.6393333333333333,
        "61": 0.6386666666666667,
        "62": 0.6426666666666667,
        "63": 0.6413333333333333,
        "64": 0.6413333333333333
      },
      "best_layer": 45,
      "err_by_dist": {
        "0": [
          0.8296703296703297,
          182
        ],
        "1": [
          0.952247191011236,
          356
        ],
        "2": [
          0.03389830508474576,
          295
        ],
        "3": [
          0.03559870550161812,
          309
        ],
        "4": [
          0.019553072625698324,
          358
        ]
      },
      "err_by_dir": {
        "-1": [
          0.2874251497005988,
          668
        ],
        "0": [
          0.8296703296703297,
          182
        ],
        "1": [
          0.2692307692307692,
          650
        ]
      }
    },
    "words": {
      "acc_per_layer": {
        "1": 0.6746666666666666,
        "2": 0.6606666666666666,
        "3": 0.6493333333333333,
        "4": 0.6646666666666666,
        "5": 0.6033333333333334,
        "6": 0.6113333333333333,
        "7": 0.49333333333333335,
        "8": 0.4593333333333333,
        "9": 0.5286666666666666,
        "10": 0.54,
        "11": 0.6426666666666667,
        "12": 0.5933333333333334,
        "13": 0.6386666666666667,
        "14": 0.58,
        "15": 0.6546666666666666,
        "16": 0.652,
        "17": 0.6693333333333333,
        "18": 0.5913333333333334,
        "19": 0.4713333333333333,
        "20": 0.6673333333333333,
        "21": 0.6706666666666666,
        "22": 0.6666666666666666,
        "23": 0.598,
        "24": 0.6486666666666666,
        "25": 0.664,
        "26": 0.5666666666666667,
        "27": 0.5226666666666666,
        "28": 0.6193333333333333,
        "29": 0.5913333333333334,
        "30": 0.6313333333333333,
        "31": 0.674,
        "32": 0.658,
        "33": 0.634,
        "34": 0.6626666666666666,
        "35": 0.672,
        "36": 0.6613333333333333,
        "37": 0.6246666666666667,
        "38": 0.572,
        "39": 0.5626666666666666,
        "40": 0.5993333333333334,
        "41": 0.556,
        "42": 0.5626666666666666,
        "43": 0.6126666666666667,
        "44": 0.5726666666666667,
        "45": 0.6046666666666667,
        "46": 0.648,
        "47": 0.644,
        "48": 0.5733333333333334,
        "49": 0.616,
        "50": 0.57,
        "51": 0.5453333333333333,
        "52": 0.5666666666666667,
        "53": 0.6046666666666667,
        "54": 0.5893333333333334,
        "55": 0.494,
        "56": 0.4746666666666667,
        "57": 0.538,
        "58": 0.632,
        "59": 0.496,
        "60": 0.5493333333333333,
        "61": 0.484,
        "62": 0.524,
        "63": 0.4866666666666667,
        "64": 0.35533333333333333
      },
      "best_layer": 1,
      "err_by_dist": {
        "0": [
          1.0,
          156
        ],
        "1": [
          0.9879518072289156,
          332
        ],
        "2": [
          0.00625,
          320
        ],
        "3": [
          0.0029154518950437317,
          343
        ],
        "4": [
          0.0028653295128939827,
          349
        ]
      },
      "err_by_dir": {
        "-1": [
          0.26033690658499237,
          653
        ],
        "0": [
          1.0,
          156
        ],
        "1": [
          0.23444283646888567,
          691
        ]
      }
    }
  }
}