{
  "model1": {
    "digits_paraphrase": {
      "acc_per_layer": {
        "1": 0.9966666666666667,
        "2": 0.698,
        "3": 0.8506666666666667,
        "4": 0.8826666666666667,
        "5": 0.9966666666666667,
        "6": 0.7426666666666667,
        "7": 0.968,
        "8": 0.9826666666666667,
        "9": 0.9613333333333334,
        "10": 0.966,
        "11": 0.9773333333333334,
        "12": 0.958,
        "13": 0.9513333333333334,
        "14": 0.984,
        "15": 0.9573333333333334,
        "16": 0.946,
        "17": 0.9233333333333333,
        "18": 0.912,
        "19": 0.95,
        "20": 0.72,
        "21": 0.8866666666666667,
        "22": 0.8126666666666666,
        "23": 0.7646666666666667,
        "24": 0.836,
        "25": 0.906,
        "26": 0.8573333333333333,
        "27": 0.8153333333333334,
        "28": 0.8793333333333333,
        "29": 0.9046666666666666,
        "30": 0.78,
        "31": 0.844,
        "32": 0.876,
        "33": 0.8226666666666667,
        "34": 0.8793333333333333,
        "35": 0.8333333333333334,
        "36": 0.8086666666666666,
        "37": 0.804,
        "38": 0.7473333333333333,
        "39": 0.8493333333333334,
        "40": 0.8246666666666667,
        "41": 0.8573333333333333,
        "42": 0.8126666666666666,
        "43": 0.8073333333333333,
        "44": 0.7373333333333333,
        "45": 0.7466666666666667,
        "46": 0.7146666666666667,
        "47": 0.8053333333333333,
        "48": 0.866,
        "49": 0.8286666666666667,
        "50": 0.7966666666666666,
        "51": 0.87,
        "52": 0.9086666666666666,
        "53": 0.882,
        "54": 0.8926666666666667,
        "55": 0.9006666666666666,
        "56": 0.882,
        "57": 0.7153333333333334,
        "58": 0.7966666666666666,
        "59": 0.868,
        "60": 0.84,
        "61": 0.8166666666666667,
        "62": 0.7866666666666666,
        "63": 0.6293333333333333,
        "64": 0.7373333333333333
      },
      "best_layer": 1,
      "err_by_dist": {
        "0": [
          0.0,
          136
        ],
        "1": [
          0.0,
          318
        ],
        "2": [
          0.013513513513513514,
          296
        ],
        "3": [
          0.003246753246753247,
          308
        ],
        "4": [
          0.0,
          299
        ],
        "5": [
          0.0,
          143
        ]
      },
      "err_by_dir": {
        "-1": [
          0.005242463958060288,
          763
        ],
        "0": [
          0.0,
          136
        ],
        "1": [
          0.0016638935108153079,
          601
        ]
      }
    },
    "words": {
      "acc_per_layer": {
        "1": 0.5453333333333333,
        "2": 0.7786666666666666,
        "3": 0.6386666666666667,
        "4": 0.5733333333333334,
        "5": 0.6833333333333333,
        "6": 0.752,
        "7": 0.5673333333333334,
        "8": 0.5053333333333333,
        "9": 0.5046666666666667,
        "10": 0.56,
        "11": 0.5753333333333334,
        "12": 0.7086666666666667,
        "13": 0.7126666666666667,
        "14": 0.7213333333333334,
        "15": 0.796,
        "16": 0.8173333333333334,
        "17": 0.838,
        "18": 0.8013333333333333,
        "19": 0.788,
        "20": 0.762,
        "21": 0.766,
        "22": 0.8033333333333333,
        "23": 0.8066666666666666,
        "24": 0.7486666666666667,
        "25": 0.788,
        "26": 0.804,
        "27": 0.794,
        "28": 0.7646666666666667,
        "29": 0.7826666666666666,
        "30": 0.744,
        "31": 0.7393333333333333,
        "32": 0.7166666666666667,
        "33": 0.7186666666666667,
        "34": 0.574,
        "35": 0.5493333333333333,
        "36": 0.564,
        "37": 0.568,
        "38": 0.5513333333333333,
        "39": 0.582,
        "40": 0.6693333333333333,
        "41": 0.692,
        "42": 0.5906666666666667,
        "43": 0.5733333333333334,
        "44": 0.5933333333333334,
        "45": 0.5653333333333334,
        "46": 0.668,
        "47": 0.6506666666666666,
        "48": 0.782,
        "49": 0.742,
        "50": 0.7926666666666666,
        "51": 0.622,
        "52": 0.6213333333333333,
        "53": 0.71,
        "54": 0.576,
        "55": 0.764,
        "56": 0.73,
        "57": 0.6766666666666666,
        "58": 0.6546666666666666,
        "59": 0.7146666666666667,
        "60": 0.6013333333333334,
        "61": 0.746,
        "62": 0.644,
        "63": 0.43333333333333335,
        "64": 0.6353333333333333
      },
      "best_layer": 17,
      "err_by_dist": {
        "0": [
          0.42857142857142855,
          140
        ],
        "1": [
          0.48589341692789967,
          319
        ],
        "2": [
          0.024305555555555556,
          288
        ],
        "3": [
          0.02702702702702703,
          296
        ],
        "4": [
          0.003205128205128205,
          312
        ],
        "5": [
          0.08275862068965517,
          145
        ]
      },
      "err_by_dir": {
        "-1": [
          0.11409395973154363,
          745
        ],
        "0": [
          0.42857142857142855,
          140
        ],
        "1": [
          0.15934959349593497,
          615
        ]
      }
    }
  }
}