{
  "model1": {
    "digits_paraphrase": {
      "acc_per_layer": {
        "1": 0.914,
        "2": 0.9133333333333333,
        "3": 0.8113333333333334,
        "4": 0.9373333333333334,
        "5": 0.928,
        "6": 0.7766666666666666,
        "7": 0.9,
        "8": 0.894,
        "9": 0.8033333333333333,
        "10": 0.9153333333333333,
        "11": 0.892,
        "12": 0.9726666666666667,
        "13": 0.938,
        "14": 0.956,
        "15": 0.906,
        "16": 0.8713333333333333,
        "17": 0.864,
        "18": 0.8706666666666667,
        "19": 0.8553333333333333,
        "20": 0.8213333333333334,
        "21": 0.824,
        "22": 0.8233333333333334,
        "23": 0.7913333333333333,
        "24": 0.772,
        "25": 0.8386666666666667,
        "26": 0.8053333333333333,
        "27": 0.794,
        "28": 0.764,
        "29": 0.8053333333333333,
        "30": 0.7413333333333333,
        "31": 0.714,
        "32": 0.7586666666666667,
        "33": 0.7313333333333333,
        "34": 0.6453333333333333,
        "35": 0.656,
        "36": 0.642,
        "37": 0.692,
        "38": 0.688,
        "39": 0.72,
        "40": 0.682,
        "41": 0.6313333333333333,
        "42": 0.618,
        "43": 0.6506666666666666,
        "44": 0.7106666666666667,
        "45": 0.6093333333333333,
        "46": 0.73,
        "47": 0.7186666666666667,
        "48": 0.7293333333333333,
        "49": 0.7313333333333333,
        "50": 0.7873333333333333,
        "51": 0.8413333333333334,
        "52": 0.8793333333333333,
        "53": 0.8613333333333333,
        "54": 0.8286666666666667,
        "55": 0.7886666666666666,
        "56": 0.652,
        "57": 0.704,
        "58": 0.7586666666666667,
        "59": 0.6973333333333334,
        "60": 0.7553333333333333,
        "61": 0.6773333333333333,
        "62": 0.7026666666666667,
        "63": 0.6413333333333333,
        "64": 0.596
      },
      "best_layer": 12,
      "err_by_dist": {
        "0": [
          0.014336917562724014,
          279
        ],
        "1": [
          0.04538087520259319,
          617
        ],
        "2": [
          0.014900662251655629,
          604
        ]
      },
      "err_by_dir": {
        "-1": [
          0.033386327503974564,
          629
        ],
        "0": [
          0.014336917562724014,
          279
        ],
        "1": [
          0.02702702702702703,
          592
        ]
      }
    },
    "words": {
      "acc_per_layer": {
        "1": 0.74,
        "2": 0.762,
        "3": 0.76,
        "4": 0.6806666666666666,
        "5": 0.5926666666666667,
        "6": 0.7366666666666667,
        "7": 0.72,
        "8": 0.738,
        "9": 0.7253333333333334,
        "10": 0.7453333333333333,
        "11": 0.754,
        "12": 0.6373333333333333,
        "13": 0.7273333333333334,
        "14": 0.7346666666666667,
        "15": 0.6566666666666666,
        "16": 0.6333333333333333,
        "17": 0.7286666666666667,
        "18": 0.686,
        "19": 0.7533333333333333,
        "20": 0.6926666666666667,
        "21": 0.62,
        "22": 0.642,
        "23": 0.6653333333333333,
        "24": 0.7613333333333333,
        "25": 0.6133333333333333,
        "26": 0.6953333333333334,
        "27": 0.6753333333333333,
        "28": 0.708,
        "29": 0.6726666666666666,
        "30": 0.6806666666666666,
        "31": 0.708,
        "32": 0.6886666666666666,
        "33": 0.6753333333333333,
        "34": 0.6973333333333334,
        "35": 0.5626666666666666,
        "36": 0.5986666666666667,
        "37": 0.6633333333333333,
        "38": 0.676,
        "39": 0.614,
        "40": 0.6053333333333333,
        "41": 0.7126666666666667,
        "42": 0.63,
        "43": 0.584,
        "44": 0.5773333333333334,
        "45": 0.6713333333333333,
        "46": 0.612,
        "47": 0.664,
        "48": 0.678,
        "49": 0.688,
        "50": 0.67,
        "51": 0.6586666666666666,
        "52": 0.712,
        "53": 0.7286666666666667,
        "54": 0.714,
        "55": 0.7006666666666667,
        "56": 0.7046666666666667,
        "57": 0.7293333333333333,
        "58": 0.6966666666666667,
        "59": 0.6953333333333334,
        "60": 0.7006666666666667,
        "61": 0.6806666666666666,
        "62": 0.7006666666666667,
        "63": 0.7,
        "64": 0.6993333333333334
      },
      "best_layer": 2,
      "err_by_dist": {
        "0": [
          0.007017543859649123,
          285
        ],
        "1": [
          0.00792393026941363,
          631
        ],
        "2": [
          0.5993150684931506,
          584
        ]
      },
      "err_by_dir": {
        "-1": [
          0.2901639344262295,
          610
        ],
        "0": [
          0.007017543859649123,
          285
        ],
        "1": [
          0.29421487603305785,
          605
        ]
      }
    }
  }
}