{
  "model1": {
    "digits_paraphrase": {
      "acc_per_layer": {
        "1": 0.462,
        "2": 0.44066666666666665,
        "3": 0.4666666666666667,
        "4": 0.4713333333333333,
        "5": 0.552,
        "6": 0.5413333333333333,
        "7": 0.46066666666666667,
        "8": 0.4786666666666667,
        "9": 0.482,
        "10": 0.5106666666666667,
        "11": 0.5346666666666666,
        "12": 0.492,
        "13": 0.466,
        "14": 0.5373333333333333,
        "15": 0.4726666666666667,
        "16": 0.4633333333333333,
        "17": 0.4766666666666667,
        "18": 0.458,
        "19": 0.5406666666666666,
        "20": 0.5233333333333333,
        "21": 0.538,
        "22": 0.5033333333333333,
        "23": 0.48333333333333334,
        "24": 0.5746666666666667,
        "25": 0.5326666666666666,
        "26": 0.4693333333333333,
        "27": 0.504,
        "28": 0.472,
        "29": 0.486,
        "30": 0.5453333333333333,
        "31": 0.5966666666666667,
        "32": 0.5073333333333333,
        "33": 0.5126666666666667,
        "34": 0.5626666666666666,
        "35": 0.546,
        "36": 0.53,
        "37": 0.576,
        "38": 0.448,
        "39": 0.5733333333333334,
        "40": 0.484,
        "41": 0.482,
        "42": 0.504,
        "43": 0.4766666666666667,
        "44": 0.4666666666666667,
        "45": 0.48733333333333334,
        "46": 0.4806666666666667,
        "47": 0.5766666666666667,
        "48": 0.5013333333333333,
        "49": 0.446,
        "50": 0.506,
        "51": 0.442,
        "52": 0.44066666666666665,
        "53": 0.4806666666666667,
        "54": 0.46066666666666667,
        "55": 0.44333333333333336,
        "56": 0.4573333333333333,
        "57": 0.448,
        "58": 0.4593333333333333,
        "59": 0.5426666666666666,
        "60": 0.5546666666666666,
        "61": 0.494,
        "62": 0.5346666666666666,
        "63": 0.5213333333333333,
        "64": 0.446
      },
      "best_layer": 31,
      "err_by_dist": {
        "0": [
          0.5807860262008734,
          229
        ],
        "1": [
          0.7986111111111112,
          432
        ],
        "2": [
          0.13399503722084366,
          403
        ],
        "3": [
          0.16743119266055045,
          436
        ]
      },
      "err_by_dir": {
        "-1": [
          0.35767511177347244,
          671
        ],
        "0": [
          0.5807860262008734,
          229
        ],
        "1": [
          0.38666666666666666,
          600
        ]
      }
    },
    "words": {
      "acc_per_layer": {
        "1": 0.44133333333333336,
        "2": 0.428,
        "3": 0.4886666666666667,
        "4": 0.48333333333333334,
        "5": 0.564,
        "6": 0.554,
        "7": 0.482,
        "8": 0.496,
        "9": 0.484,
        "10": 0.5313333333333333,
        "11": 0.5446666666666666,
        "12": 0.5133333333333333,
        "13": 0.4553333333333333,
        "14": 0.48,
        "15": 0.49066666666666664,
        "16": 0.5026666666666667,
        "17": 0.514,
        "18": 0.48133333333333334,
        "19": 0.534,
        "20": 0.44,
        "21": 0.5046666666666667,
        "22": 0.4666666666666667,
        "23": 0.43333333333333335,
        "24": 0.48333333333333334,
        "25": 0.45866666666666667,
        "26": 0.438,
        "27": 0.46,
        "28": 0.428,
        "29": 0.44133333333333336,
        "30": 0.4633333333333333,
        "31": 0.502,
        "32": 0.464,
        "33": 0.44666666666666666,
        "34": 0.474,
        "35": 0.44,
        "36": 0.5033333333333333,
        "37": 0.49,
        "38": 0.5026666666666667,
        "39": 0.49066666666666664,
        "40": 0.4633333333333333,
        "41": 0.452,
        "42": 0.48933333333333334,
        "43": 0.4493333333333333,
        "44": 0.496,
        "45": 0.5406666666666666,
        "46": 0.47733333333333333,
        "47": 0.5053333333333333,
        "48": 0.4646666666666667,
        "49": 0.43,
        "50": 0.49733333333333335,
        "51": 0.4493333333333333,
        "52": 0.4513333333333333,
        "53": 0.49466666666666664,
        "54": 0.45466666666666666,
        "55": 0.44866666666666666,
        "56": 0.448,
        "57": 0.46066666666666667,
        "58": 0.474,
        "59": 0.4686666666666667,
        "60": 0.49,
        "61": 0.4593333333333333,
        "62": 0.4593333333333333,
        "63": 0.438,
        "64": 0.42733333333333334
      },
      "best_layer": 5,
      "err_by_dist": {
        "0": [
          0.9336734693877551,
          196
        ],
        "1": [
          0.9304932735426009,
          446
        ],
        "2": [
          0.0730593607305936,
          438
        ],
        "3": [
          0.05714285714285714,
          420
        ]
      },
      "err_by_dir": {
        "-1": [
          0.35988200589970504,
          678
        ],
        "0": [
          0.9336734693877551,
          196
        ],
        "1": [
          0.36261980830670926,
          626
        ]
      }
    }
  }
}