{
  "model1": {
    "digits_paraphrase": {
      "acc_per_layer": {
        "1": 0.276,
        "2": 0.24933333333333332,
        "3": 0.25866666666666666,
        "4": 0.29533333333333334,
        "5": 0.32666666666666666,
        "6": 0.366,
        "7": 0.278,
        "8": 0.3606666666666667,
        "9": 0.31533333333333335,
        "10": 0.25933333333333336,
        "11": 0.41,
        "12": 0.6,
        "13": 0.8826666666666667,
        "14": 0.626,
        "15": 0.5766666666666667,
        "16": 0.5206666666666667,
        "17": 0.528,
        "18": 0.5386666666666666,
        "19": 0.32066666666666666,
        "20": 0.5526666666666666,
        "21": 0.618,
        "22": 0.6306666666666667,
        "23": 0.5933333333333334,
        "24": 0.5093333333333333,
        "25": 0.35533333333333333,
        "26": 0.77,
        "27": 0.502,
        "28": 0.514,
        "29": 0.5366666666666666,
        "30": 0.618,
        "31": 0.4713333333333333,
        "32": 0.7526666666666667,
        "33": 0.42866666666666664,
        "34": 0.6973333333333334,
        "35": 0.6646666666666666,
        "36": 0.5773333333333334,
        "37": 0.6146666666666667,
        "38": 0.6033333333333334,
        "39": 0.5473333333333333,
        "40": 0.6866666666666666,
        "41": 0.6446666666666667,
        "42": 0.6046666666666667,
        "43": 0.6886666666666666,
        "44": 0.48333333333333334,
        "45": 0.5326666666666666,
        "46": 0.48133333333333334,
        "47": 0.7133333333333334,
        "48": 0.474,
        "49": 0.5973333333333334,
        "50": 0.616,
        "51": 0.682,
        "52": 0.716,
        "53": 0.7726666666666666,
        "54": 0.7433333333333333,
        "55": 0.7553333333333333,
        "56": 0.6346666666666667,
        "57": 0.788,
        "58": 0.6093333333333333,
        "59": 0.5673333333333334,
        "60": 0.7293333333333333,
        "61": 0.6693333333333333,
        "62": 0.44133333333333336,
        "63": 0.38466666666666666,
        "64": 0.24933333333333332
      },
      "best_layer": 13,
      "err_by_dist": {
        "0": [
          0.2549019607843137,
          357
        ],
        "1": [
          0.0611183355006502,
          769
        ],
        "2": [
          0.10160427807486631,
          374
        ]
      },
      "err_by_dir": {
        "-1": [
          0.07783641160949868,
          758
        ],
        "0": [
          0.2549019607843137,
          357
        ],
        "1": [
          0.06753246753246753,
          385
        ]
      }
    },
    "words": {
      "acc_per_layer": {
        "1": 0.49066666666666664,
        "2": 0.266,
        "3": 0.348,
        "4": 0.3393333333333333,
        "5": 0.36933333333333335,
        "6": 0.36333333333333334,
        "7": 0.37066666666666664,
        "8": 0.5393333333333333,
        "9": 0.7086666666666667,
        "10": 0.536,
        "11": 0.5633333333333334,
        "12": 0.5646666666666667,
        "13": 0.776,
        "14": 0.61,
        "15": 0.8426666666666667,
        "16": 0.734,
        "17": 0.5593333333333333,
        "18": 0.628,
        "19": 0.6146666666666667,
        "20": 0.6013333333333334,
        "21": 0.6653333333333333,
        "22": 0.7373333333333333,
        "23": 0.712,
        "24": 0.684,
        "25": 0.7053333333333334,
        "26": 0.8353333333333334,
        "27": 0.6446666666666667,
        "28": 0.658,
        "29": 0.7673333333333333,
        "30": 0.752,
        "31": 0.6913333333333334,
        "32": 0.814,
        "33": 0.6253333333333333,
        "34": 0.7366666666666667,
        "35": 0.7793333333333333,
        "36": 0.6833333333333333,
        "37": 0.838,
        "38": 0.7766666666666666,
        "39": 0.774,
        "40": 0.7126666666666667,
        "41": 0.7293333333333333,
        "42": 0.6333333333333333,
        "43": 0.7873333333333333,
        "44": 0.7026666666666667,
        "45": 0.624,
        "46": 0.5806666666666667,
        "47": 0.6,
        "48": 0.368,
        "49": 0.494,
        "50": 0.512,
        "51": 0.53,
        "52": 0.582,
        "53": 0.512,
        "54": 0.48,
        "55": 0.374,
        "56": 0.37266666666666665,
        "57": 0.5693333333333334,
        "58": 0.4066666666666667,
        "59": 0.434,
        "60": 0.4146666666666667,
        "61": 0.3546666666666667,
        "62": 0.392,
        "63": 0.31533333333333335,
        "64": 0.4646666666666667
      },
      "best_layer": 15,
      "err_by_dist": {
        "0": [
          0.1444141689373297,
          367
        ],
        "1": [
          0.017105263157894738,
          760
        ],
        "2": [
          0.45576407506702415,
          373
        ]
      },
      "err_by_dir": {
        "-1": [
          0.23014804845222073,
          743
        ],
        "0": [
          0.1444141689373297,
          367
        ],
        "1": [
          0.03076923076923077,
          390
        ]
      }
    }
  }
}