{
  "model1": {
    "digits_paraphrase": {
      "acc_per_layer": {
        "1": 0.5106666666666667,
        "2": 0.5,
        "3": 0.5,
        "4": 0.5,
        "5": 0.5753333333333334,
        "6": 0.5266666666666666,
        "7": 0.5293333333333333,
        "8": 0.5366666666666666,
        "9": 0.564,
        "10": 0.5693333333333334,
        "11": 0.6093333333333333,
        "12": 0.57,
        "13": 0.5513333333333333,
        "14": 0.5546666666666666,
        "15": 0.5453333333333333,
        "16": 0.5786666666666667,
        "17": 0.5386666666666666,
        "18": 0.5746666666666667,
        "19": 0.5786666666666667,
        "20": 0.542,
        "21": 0.592,
        "22": 0.5766666666666667,
        "23": 0.5546666666666666,
        "24": 0.5893333333333334,
        "25": 0.586,
        "26": 0.572,
        "27": 0.5613333333333334,
        "28": 0.5326666666666666,
        "29": 0.5173333333333333,
        "30": 0.5346666666666666,
        "31": 0.5233333333333333,
        "32": 0.5686666666666667,
        "33": 0.526,
        "34": 0.5893333333333334,
        "35": 0.548,
        "36": 0.5946666666666667,
        "37": 0.5293333333333333,
        "38": 0.5193333333333333,
        "39": 0.52,
        "40": 0.502,
        "41": 0.5326666666666666,
        "42": 0.5093333333333333,
        "43": 0.5073333333333333,
        "44": 0.514,
        "45": 0.5273333333333333,
        "46": 0.5013333333333333,
        "47": 0.516,
        "48": 0.502,
        "49": 0.508,
        "50": 0.506,
        "51": 0.6053333333333333,
        "52": 0.5573333333333333,
        "53": 0.536,
        "54": 0.5293333333333333,
        "55": 0.5546666666666666,
        "56": 0.5493333333333333,
        "57": 0.5726666666666667,
        "58": 0.562,
        "59": 0.5373333333333333,
        "60": 0.5313333333333333,
        "61": 0.554,
        "62": 0.5373333333333333,
        "63": 0.5466666666666666,
        "64": 0.5206666666666667
      },
      "best_layer": 11,
      "err_by_dist": {
        "0": [
          0.559322033898305,
          236
        ],
        "1": [
          0.08171206225680934,
          514
        ],
        "2": [
          0.3616161616161616,
          495
        ],
        "3": [
          0.9137254901960784,
          255
        ]
      },
      "err_by_dir": {
        "-1": [
          0.45260347129506007,
          749
        ],
        "0": [
          0.559322033898305,
          236
        ],
        "1": [
          0.22330097087378642,
          515
        ]
      }
    },
    "words": {
      "acc_per_layer": {
        "1": 0.55,
        "2": 0.522,
        "3": 0.532,
        "4": 0.516,
        "5": 0.544,
        "6": 0.5346666666666666,
        "7": 0.5353333333333333,
        "8": 0.5313333333333333,
        "9": 0.5566666666666666,
        "10": 0.5426666666666666,
        "11": 0.5386666666666666,
        "12": 0.54,
        "13": 0.5533333333333333,
        "14": 0.5566666666666666,
        "15": 0.564,
        "16": 0.566,
        "17": 0.5546666666666666,
        "18": 0.5786666666666667,
        "19": 0.6053333333333333,
        "20": 0.578,
        "21": 0.5673333333333334,
        "22": 0.6173333333333333,
        "23": 0.5913333333333334,
        "24": 0.5453333333333333,
        "25": 0.5573333333333333,
        "26": 0.5826666666666667,
        "27": 0.5933333333333334,
        "28": 0.56,
        "29": 0.5233333333333333,
        "30": 0.562,
        "31": 0.5493333333333333,
        "32": 0.528,
        "33": 0.518,
        "34": 0.5393333333333333,
        "35": 0.5073333333333333,
        "36": 0.56,
        "37": 0.5026666666666667,
        "38": 0.5226666666666666,
        "39": 0.518,
        "40": 0.5033333333333333,
        "41": 0.55,
        "42": 0.5353333333333333,
        "43": 0.5373333333333333,
        "44": 0.5786666666666667,
        "45": 0.5773333333333334,
        "46": 0.5753333333333334,
        "47": 0.5966666666666667,
        "48": 0.592,
        "49": 0.5646666666666667,
        "50": 0.548,
        "51": 0.582,
        "52": 0.58,
        "53": 0.5253333333333333,
        "54": 0.5366666666666666,
        "55": 0.544,
        "56": 0.5526666666666666,
        "57": 0.5386666666666666,
        "58": 0.5673333333333334,
        "59": 0.546,
        "60": 0.55,
        "61": 0.5326666666666666,
        "62": 0.5486666666666666,
        "63": 0.5693333333333334,
        "64": 0.5246666666666666
      },
      "best_layer": 22,
      "err_by_dist": {
        "0": [
          0.430327868852459,
          244
        ],
        "1": [
          0.2316831683168317,
          505
        ],
        "2": [
          0.3245967741935484,
          496
        ],
        "3": [
          0.7490196078431373,
          255
        ]
      },
      "err_by_dir": {
        "-1": [
          0.4254742547425474,
          738
        ],
        "0": [
          0.430327868852459,
          244
        ],
        "1": [
          0.29922779922779924,
          518
        ]
      }
    }
  }
}