{
  "GSM8K": {
    "0": {
      "ci_95": null,
      "mean": 0.772
    },
    "0.0001": {
      "ci_95": 0.14090412169792907,
      "mean": 0.44333333333333336
    },
    "0.001": {
      "ci_95": 0.05472625478861337,
      "mean": 0.07466666666666667
    },
    "0.01": {
      "ci_95": 0.011473740613096733,
      "mean": 0.016666666666666666
    },
    "0.1": {
      "ci_95": 0.010342290025473471,
      "mean": 0.013333333333333334
    }
  },
  "MMLU": {
    "0": {
      "ci_95": null,
      "mean": 0.695
    },
    "0.0001": {
      "ci_95": 0.019570220343975746,
      "mean": 0.6985055230669266
    },
    "0.001": {
      "ci_95": 0.05040102351595267,
      "mean": 0.6835607537361922
    },
    "0.01": {
      "ci_95": 0.05584497788619946,
      "mean": 0.6413255360623782
    },
    "0.1": {
      "ci_95": 0.07056143292233362,
      "mean": 0.5607537361923326
    }
  },
  "STREET_MATH": {
    "0": {
      "ci_95": null,
      "mean": 0.7378
    },
    "0.0001": {
      "ci_95": 0.1003394286498807,
      "mean": 0.35200000000000004
    },
    "0.001": {
      "ci_95": 0.1552138860706813,
      "mean": 0.3
    },
    "0.01": {
      "ci_95": 0.1266016927422147,
      "mean": 0.11333333333333333
    },
    "0.1": {
      "ci_95": 0.02294748122619347,
      "mean": 0.021333333333333333
    }
  }
}