{
  "GSM8K": {
    "0": {
      "ci_95": null,
      "mean": 0.772
    },
    "0.0001": {
      "ci_95": 0.14090412169792907,
      "mean": 0.44333333333333336
    },
    "0.001": {
      "ci_95": 0.05472625478861337,
      "mean": 0.07466666666666667
    },
    "0.01": {
      "ci_95": 0.011473740613096733,
      "mean": 0.016666666666666666
    },
    "0.1": {
      "ci_95": 0.010342290025473471,
      "mean": 0.013333333333333334
    }
  },
  "MMLU": {
    "0": {
      "ci_95": null,
      "mean": 0.695
    },
    "0.0001": {
      "ci_95": 0.014793696037970502,
      "mean": 0.6972059779077323
    },
    "0.001": {
      "ci_95": 0.02183547244270845,
      "mean": 0.6972059779077323
    },
    "0.01": {
      "ci_95": 0.007396848018985222,
      "mean": 0.6595191682910981
    },
    "0.1": {
      "ci_95": 0.010080204703190388,
      "mean": 0.5912930474333983
    }
  },
  "STREET_MATH": {
    "0": {
      "ci_95": null,
      "mean": 0.58
    },
    "0.0001": {
      "ci_95": 0.12305253470417133,
      "mean": 0.576
    },
    "0.001": {
      "ci_95": 0.1551963478712234,
      "mean": 0.4693333333333333
    },
    "0.01": {
      "ci_95": 0.032579160662631286,
      "mean": 0.162
    },
    "0.1": {
      "ci_95": 0.020079046072919285,
      "mean": 0.04866666666666667
    }
  }
}