{
  "GSM8K": {
    "0": {
      "ci_95": null,
      "mean": 0.8165
    },
    "0.0001": {
      "ci_95": 0.14090412169792907,
      "mean": 0.44333333333333336
    },
    "0.001": {
      "ci_95": 0.05472625478861337,
      "mean": 0.07466666666666667
    },
    "0.01": {
      "ci_95": 0.011473740613096733,
      "mean": 0.016666666666666666
    },
    "0.1": {
      "ci_95": 0.010342290025473471,
      "mean": 0.013333333333333334
    }
  },
  "MMLU": {
    "0": {
      "ci_95": null,
      "mean": 0.7682
    },
    "0.0001": {
      "ci_95": 0.00559149152685026,
      "mean": 0.7615334632878493
    },
    "0.001": {
      "ci_95": 0.08809926794868154,
      "mean": 0.7153996101364521
    },
    "0.01": {
      "ci_95": 0.0100802047031905,
      "mean": 0.7511371020142951
    },
    "0.1": {
      "ci_95": 0.02183547244270844,
      "mean": 0.667966211825861
    }
  },
  "STREET_MATH": {
    "0": {
      "ci_95": null,
      "mean": 0.7342
    },
    "0.0001": {
      "ci_95": 0.023479153632789233,
      "mean": 0.7206666666666667
    },
    "0.001": {
      "ci_95": 0.08947494835074518,
      "mean": 0.6926666666666668
    },
    "0.01": {
      "ci_95": 0.0,
      "mean": 0.0
    },
    "0.1": {
      "ci_95": 0.05758343383388362,
      "mean": 0.08866666666666667
    }
  }
}