{
  "GSM8K": {
    "0": {
      "ci_95": null,
      "mean": 0.791
    },
    "0.0001": {
      "ci_95": 0.14090412169792907,
      "mean": 0.44333333333333336
    },
    "0.001": {
      "ci_95": 0.05472625478861337,
      "mean": 0.07466666666666667
    },
    "0.01": {
      "ci_95": 0.011473740613096733,
      "mean": 0.016666666666666666
    },
    "0.1": {
      "ci_95": 0.010342290025473471,
      "mean": 0.013333333333333334
    }
  },
  "MMLU": {
    "0": {
      "ci_95": null,
      "mean": 0.656
    },
    "0.0001": {
      "ci_95": 0.008220385942495231,
      "mean": 0.6516556643527635
    },
    "0.001": {
      "ci_95": 0.006756026212221411,
      "mean": 0.6415153505509058
    },
    "0.01": {
      "ci_95": 0.015551694499197083,
      "mean": 0.6196845176542595
    },
    "0.1": {
      "ci_95": 0.014349050259967714,
      "mean": 0.6143937614576156
    }
  },
  "STREET_MATH": {
    "0": {
      "ci_95": null,
      "mean": 0.6679
    },
    "0.0001": {
      "ci_95": 0.07892107204672322,
      "mean": 0.5606666666666666
    },
    "0.001": {
      "ci_95": 0.06781893104254406,
      "mean": 0.3426666666666667
    },
    "0.01": {
      "ci_95": 0.029111437332078365,
      "mean": 0.13533333333333333
    },
    "0.1": {
      "ci_95": 0.1123094017006164,
      "mean": 0.13599999999999998
    }
  }
}