{
  "model1": {
    "digits_paraphrase": {
      "acc_per_layer": {
        "1": 0.43,
        "2": 0.552,
        "3": 0.512,
        "4": 0.556,
        "5": 0.584,
        "6": 0.606,
        "7": 0.588,
        "8": 0.58,
        "9": 0.44,
        "10": 0.454,
        "11": 0.44,
        "12": 0.59,
        "13": 0.592,
        "14": 0.596,
        "15": 0.58,
        "16": 0.464,
        "17": 0.57,
        "18": 0.418,
        "19": 0.532,
        "20": 0.588,
        "21": 0.588,
        "22": 0.554,
        "23": 0.582,
        "24": 0.584,
        "25": 0.578,
        "26": 0.414,
        "27": 0.412,
        "28": 0.468
      },
      "best_layer": 6,
      "err_by_dist": {
        "0": [
          0.88,
          75
        ],
        "1": [
          0.8931297709923665,
          131
        ],
        "2": [
          0.03676470588235294,
          136
        ],
        "3": [
          0.056962025316455694,
          158
        ]
      },
      "err_by_dir": {
        "-1": [
          0.314410480349345,
          229
        ],
        "0": [
          0.88,
          75
        ],
        "1": [
          0.3010204081632653,
          196
        ]
      }
    },
    "words": {
      "acc_per_layer": {
        "1": 0.416,
        "2": 0.584,
        "3": 0.584,
        "4": 0.584,
        "5": 0.416,
        "6": 0.584,
        "7": 0.584,
        "8": 0.584,
        "9": 0.416,
        "10": 0.52,
        "11": 0.422,
        "12": 0.57,
        "13": 0.58,
        "14": 0.564,
        "15": 0.462,
        "16": 0.568,
        "17": 0.584,
        "18": 0.556,
        "19": 0.446,
        "20": 0.584,
        "21": 0.584,
        "22": 0.584,
        "23": 0.584,
        "24": 0.584,
        "25": 0.546,
        "26": 0.414,
        "27": 0.484,
        "28": 0.584
      },
      "best_layer": 2,
      "err_by_dist": {
        "0": [
          1.0,
          69
        ],
        "1": [
          1.0,
          139
        ],
        "2": [
          0.0,
          147
        ],
        "3": [
          0.0,
          145
        ]
      },
      "err_by_dir": {
        "-1": [
          0.3318777292576419,
          229
        ],
        "0": [
          1.0,
          69
        ],
        "1": [
          0.3118811881188119,
          202
        ]
      }
    }
  }
}