{
  "model1": {
    "digits_paraphrase": {
      "acc_per_layer": {
        "1": 0.49933333333333335,
        "2": 0.5506666666666666,
        "3": 0.5346666666666666,
        "4": 0.46066666666666667,
        "5": 0.462,
        "6": 0.48,
        "7": 0.44466666666666665,
        "8": 0.49066666666666664,
        "9": 0.4613333333333333,
        "10": 0.4706666666666667,
        "11": 0.534,
        "12": 0.5146666666666667,
        "13": 0.47933333333333333,
        "14": 0.5613333333333334,
        "15": 0.4866666666666667,
        "16": 0.5246666666666666,
        "17": 0.506,
        "18": 0.466,
        "19": 0.4493333333333333,
        "20": 0.5346666666666666,
        "21": 0.4693333333333333,
        "22": 0.5106666666666667,
        "23": 0.5353333333333333,
        "24": 0.486,
        "25": 0.546,
        "26": 0.5293333333333333,
        "27": 0.5613333333333334,
        "28": 0.54,
        "29": 0.4686666666666667,
        "30": 0.5093333333333333,
        "31": 0.4686666666666667,
        "32": 0.5273333333333333,
        "33": 0.514,
        "34": 0.552,
        "35": 0.48,
        "36": 0.522,
        "37": 0.4693333333333333,
        "38": 0.5346666666666666,
        "39": 0.4613333333333333,
        "40": 0.482,
        "41": 0.5053333333333333,
        "42": 0.5426666666666666,
        "43": 0.536,
        "44": 0.5593333333333333
      },
      "best_layer": 14,
      "err_by_dist": {
        "0": [
          0.7860262008733624,
          229
        ],
        "1": [
          0.8518518518518519,
          432
        ],
        "2": [
          0.1141439205955335,
          403
        ],
        "3": [
          0.14678899082568808,
          436
        ]
      },
      "err_by_dir": {
        "-1": [
          0.37555886736214605,
          671
        ],
        "0": [
          0.7860262008733624,
          229
        ],
        "1": [
          0.37666666666666665,
          600
        ]
      }
    },
    "words": {
      "acc_per_layer": {
        "1": 0.49666666666666665,
        "2": 0.5473333333333333,
        "3": 0.48,
        "4": 0.488,
        "5": 0.4666666666666667,
        "6": 0.472,
        "7": 0.4593333333333333,
        "8": 0.436,
        "9": 0.42933333333333334,
        "10": 0.43333333333333335,
        "11": 0.432,
        "12": 0.44666666666666666,
        "13": 0.456,
        "14": 0.448,
        "15": 0.42733333333333334,
        "16": 0.49733333333333335,
        "17": 0.43733333333333335,
        "18": 0.428,
        "19": 0.44,
        "20": 0.442,
        "21": 0.4653333333333333,
        "22": 0.496,
        "23": 0.492,
        "24": 0.43533333333333335,
        "25": 0.5173333333333333,
        "26": 0.5713333333333334,
        "27": 0.5553333333333333,
        "28": 0.47733333333333333,
        "29": 0.464,
        "30": 0.5333333333333333,
        "31": 0.5126666666666667,
        "32": 0.434,
        "33": 0.46066666666666667,
        "34": 0.42733333333333334,
        "35": 0.43066666666666664,
        "36": 0.472,
        "37": 0.4673333333333333,
        "38": 0.5666666666666667,
        "39": 0.492,
        "40": 0.49933333333333335,
        "41": 0.5533333333333333,
        "42": 0.556,
        "43": 0.538,
        "44": 0.572
      },
      "best_layer": 44,
      "err_by_dist": {
        "0": [
          1.0,
          196
        ],
        "1": [
          1.0,
          446
        ],
        "2": [
          0.0,
          438
        ],
        "3": [
          0.0,
          420
        ]
      },
      "err_by_dir": {
        "-1": [
          0.33185840707964603,
          678
        ],
        "0": [
          1.0,
          196
        ],
        "1": [
          0.35303514376996803,
          626
        ]
      }
    }
  }
}