{
  "model": "dream-v0-instruct-7b-hint",
  "num_layers": 29,
  "metric_means": {
    "spectral_entropies": [
      4.664365379571914,
      4.898515828609467,
      4.898521263742447,
      4.925936438941956,
      4.952373415470123,
      4.904892146277428,
      4.891726409292221,
      4.885403940081597,
      4.861535207152366,
      4.862006511998176,
      4.802200229120254,
      4.800073269200325,
      4.460757124066353,
      4.314126574516297,
      4.267611396050453,
      4.300372463917732,
      4.335219537973404,
      4.3600680984020235,
      4.403321084856987,
      4.400553795719147,
      4.437911699295044,
      4.579822982835769,
      4.641025993871689,
      4.6877180030345915,
      4.711778266620636,
      4.72796715540886,
      4.730048536157608,
      4.757974842834472,
      4.871265375089646
    ],
    "effective_ranks": [
      116.7231,
      176.5778,
      177.391,
      178.0734,
      178.3895,
      174.5926,
      173.5315,
      173.6208,
      174.0201,
      174.2582,
      173.4864,
      173.528,
      148.2268,
      125.881,
      120.4503,
      125.4465,
      132.2212,
      136.7777,
      145.5586,
      144.1193,
      149.7759,
      167.5182,
      172.2366,
      174.0486,
      174.9117,
      175.8554,
      176.0982,
      176.5867,
      178.6903
    ],
    "trace_covariances": [
      0.6061013788402081,
      49.78815497932434,
      102.8986230857849,
      167.34121699523925,
      231.50192160491943,
      771.7228953552246,
      1321.6414118286132,
      1516.478730255127,
      1771.7529360595704,
      1907.8810984313966,
      2008.844594140625,
      2096.0703010681154,
      6887.124694140625,
      10553.437724365234,
      12485.446316601563,
      13062.202568652343,
      13659.53753515625,
      13952.754524707032,
      14010.57269296875,
      13841.768913671875,
      13668.373092382812,
      11543.845743164062,
      12200.110152441406,
      13086.821227734375,
      13895.966333105469,
      15038.612726660156,
      19017.220815917968,
      20154.360094726562,
      74721.8074546875
    ],
    "gradient_norms": [
      8663.183867485115,
      89762.11071746187,
      131660.87844031336,
      161831.29945359673,
      186970.21658928992,
      275648.20615088934,
      331171.6736782971,
      365448.77137477015,
      409018.5998256044,
      435268.83873368654,
      446268.33527669375,
      456202.75852272013,
      891937.5375924639,
      1111281.9696884993,
      1214911.8979912216,
      1242820.4418535617,
      1282479.3483784252,
      1294968.1957696967,
      1297858.930311654,
      1304027.001568684,
      1308861.7588264337,
      1233124.5610506223,
      1314727.0522718627,
      1404555.6353415926,
      1531325.8814815774,
      1697523.6282440673,
      1974182.425328423,
      2296851.2507843855,
      3373280.9689199026
    ]
  },
  "metric_stddev": {
    "spectral_entropies": [
      0.018410947016098397,
      0.05046911170390484,
      0.05417526048016572,
      0.05489971142145605,
      0.058105558591843236,
      0.16989546011083076,
      0.22058246906167026,
      0.21038922181753003,
      0.18965975065574847,
      0.1758512966286053,
      0.19400949777341459,
      0.19273451566978914,
      0.154170638171029,
      0.13670494350918871,
      0.12746255411429505,
      0.12370585008686201,
      0.11891445009511523,
      0.11601612764858726,
      0.11223065678590188,
      0.10909139539438747,
      0.10429634364268138,
      0.10046113860311086,
      0.08976022273389887,
      0.0805378112266563,
      0.07406187333473141,
      0.06957961137753133,
      0.06398703817391511,
      0.06261216757735351,
      0.054595933888732455
    ],
    "effective_ranks": [
      2.621280889441302,
      10.657575031430177,
      11.60885849511358,
      12.45238606179029,
      12.880566006510577,
      21.132768030443604,
      26.634536744700217,
      26.023215176700894,
      23.980258573878274,
      23.024750740772035,
      25.42710500247526,
      25.440281775047286,
      20.53298132498545,
      16.540163140056258,
      15.3466439933353,
      15.58175910710053,
      16.095383707687255,
      16.363552771203512,
      17.005184023360528,
      16.419726802015315,
      16.2437638857649,
      16.63855621486774,
      14.587957406372036,
      12.91206839321276,
      11.998954146093507,
      11.734558399277338,
      11.265578018229668,
      12.164517280109383,
      13.342593015934325
    ],
    "trace_covariances": [
      0.004789695174676429,
      0.6874662691677638,
      1.5153067802571358,
      2.116835267949905,
      2.5878151515135457,
      2307.8122002708874,
      4747.941536199558,
      5262.77077613248,
      5602.563739858766,
      5795.626465893952,
      6472.609816727502,
      6571.5798843536595,
      7689.0800130702355,
      7868.844946959339,
      7898.964137840184,
      7930.679479212935,
      7961.973622984073,
      7988.273447805004,
      8016.225428314475,
      8027.1751466391315,
      8067.518194864025,
      8387.917566026741,
      8365.349157648847,
      8329.275893480832,
      8252.01242424875,
      8103.575064931264,
      8255.060531750876,
      6128.764868517493,
      1325.204437305033
    ],
    "gradient_norms": [
      634.083087890703,
      6316.613789580256,
      9183.400422654118,
      11466.627664615457,
      13324.356709655962,
      209198.36674405044,
      308764.47404135636,
      322725.72616846603,
      328340.9776955497,
      331397.62479548255,
      352654.9450544707,
      354820.0759347377,
      336359.1235707067,
      321175.09970415215,
      314100.55853756587,
      312731.5097726586,
      310701.5974668405,
      310188.8992282395,
      310704.3562919809,
      310789.77272810036,
      311068.0629540673,
      325459.2336179766,
      320268.3643142311,
      314124.5553236643,
      307285.3800157701,
      297815.40094155027,
      297881.40931856906,
      262143.014721009,
      224135.01167541384
    ]
  },
  "metric_sample_counts": {
    "spectral_entropies": 10000,
    "effective_ranks": 10000,
    "trace_covariances": 10000,
    "gradient_norms": 10000
  }
}