{
  "model": "dream-v0-instruct-7b_4_steps",
  "num_layers": 29,
  "metric_means": {
    "spectral_entropies": [
      4.183394895172119,
      4.355419539117813,
      4.358413083982468,
      4.381985260295868,
      4.407556027078629,
      4.377054496026039,
      4.358591789317131,
      4.3460973379850385,
      4.322284649538994,
      4.304413641762734,
      4.243814442753791,
      4.231264900326729,
      3.9447634331941606,
      3.7936532854795457,
      3.75445251159668,
      3.7873139533281326,
      3.8148361420154573,
      3.8364257635354995,
      3.87899797565937,
      3.8756313306093215,
      3.919466420507431,
      4.061816081666946,
      4.1284573380231855,
      4.183371725296974,
      4.2129773048877714,
      4.2260784037590025,
      4.228562460231781,
      4.246130001735687,
      4.361001570940018
    ],
    "effective_ranks": [
      72.0901,
      100.5619,
      101.002,
      101.3886,
      101.6103,
      101.2695,
      100.5025,
      100.4824,
      100.4595,
      100.5608,
      99.8882,
      99.7601,
      97.1671,
      92.4328,
      90.8927,
      93.1402,
      95.2426,
      96.3243,
      97.9942,
      97.8616,
      98.4201,
      100.2964,
      100.8822,
      101.332,
      101.4522,
      101.5659,
      101.6587,
      101.706,
      101.785
    ],
    "trace_covariances": [
      0.5850412089884282,
      52.736394905471805,
      100.31663879928588,
      167.75816066741945,
      234.8607628982544,
      428.8512434143066,
      759.5248508361816,
      910.4513073181153,
      1077.164569268799,
      1199.6916645324707,
      1237.972598236084,
      1269.1859800292968,
      4561.345276208496,
      7262.106523510743,
      8795.737655029297,
      9240.685697900391,
      9702.801566015625,
      9925.551682861329,
      9998.14513017578,
      9838.894733496094,
      9705.465686035157,
      8274.403274414062,
      8985.48174140625,
      9904.16660366211,
      10825.04197866211,
      12260.651793164063,
      16059.084930957031,
      18875.507219921874,
      74348.86888359375
    ],
    "gradient_norms": [
      4865.757083874323,
      52401.74742525689,
      75195.00735069647,
      92991.566711904,
      107953.7472735769,
      145683.9118062538,
      178636.0566410773,
      198066.61761748666,
      218180.54243111677,
      238823.69046221333,
      248311.50862008365,
      253313.93976752402,
      422119.7203121443,
      526208.3224361109,
      582450.1026129915,
      596981.2196655588,
      619064.911176413,
      623381.1230202536,
      624996.1137812008,
      628828.2794841813,
      629830.6907940811,
      604366.9005367695,
      655581.9948632125,
      706235.3098814044,
      778089.9425428633,
      888568.8320357898,
      1052007.7327580794,
      1270108.8633863125,
      1904990.5822626774
    ]
  },
  "metric_stddev": {
    "spectral_entropies": [
      0.04488365500090765,
      0.08976174573508341,
      0.09574252507975345,
      0.09678465901249701,
      0.10204726802138123,
      0.10035556766684685,
      0.14439645751359118,
      0.14406952855152527,
      0.13655583348236114,
      0.12979866563564052,
      0.1393152404869103,
      0.13345518183921418,
      0.20324691590218483,
      0.19018429632005818,
      0.18282192866134458,
      0.18007881348071203,
      0.1759300584362493,
      0.1750847932352969,
      0.17414833357201057,
      0.17364974882338838,
      0.1692705344036203,
      0.14892623023314316,
      0.13633567205976177,
      0.12522797942720135,
      0.11900979535683426,
      0.11549024511953,
      0.11039931650951881,
      0.11161401200036418,
      0.0972074428283863
    ],
    "effective_ranks": [
      3.716283501874658,
      11.842144739412436,
      12.38756397255369,
      12.876325951800128,
      13.18334608403288,
      12.615410600074197,
      12.696389785343705,
      12.643032661015374,
      12.605786383048624,
      12.479882936462309,
      12.708172587947125,
      12.554429870007924,
      13.035880139334479,
      11.89711050145456,
      11.256183050914395,
      11.443034486701169,
      11.712500309769457,
      11.662192340337057,
      11.533120464418216,
      11.19669513911113,
      11.266814549862344,
      11.723177484326557,
      12.18970803826735,
      12.747894998103417,
      12.953010970786655,
      13.148579607872291,
      13.262269907158146,
      13.365000049482699,
      13.469577497152025
    ],
    "trace_covariances": [
      0.006998842547901723,
      1.665126981313078,
      2.9327593465066455,
      4.592582600080427,
      6.046305412595567,
      325.08247418707134,
      1520.4554727927884,
      1833.4307019983605,
      2064.874999632646,
      2180.111733936496,
      2612.2779703381802,
      2675.8940834757786,
      4118.766295222639,
      4505.597567154998,
      4622.1947311053755,
      4688.28270791916,
      4745.309286217903,
      4793.468114704145,
      4819.692414682554,
      4826.94337775582,
      4836.666898055969,
      4691.070926869056,
      4671.07866997213,
      4643.533926153063,
      4585.72730138645,
      4453.071885127814,
      4841.567735178881,
      3301.270648477686,
      2992.4748258824097
    ],
    "gradient_norms": [
      633.8954405002049,
      6343.84293768513,
      9172.67196977453,
      11420.488980930964,
      13122.475828025908,
      44329.91227159205,
      102817.47344467673,
      112595.66516584925,
      118681.18637322841,
      120441.35883834676,
      133258.27815177513,
      135058.36316343187,
      157509.85174967005,
      153504.38214622138,
      151311.25326732892,
      151318.0373511675,
      151122.3062360335,
      151409.68424077492,
      151678.53005124046,
      151793.2616593949,
      151935.33140140073,
      155641.0967088452,
      154704.81875432486,
      153947.50577615312,
      154562.18658696485,
      156207.30022172703,
      170810.37832290836,
      182350.07361469851,
      227297.81163964738
    ]
  },
  "metric_sample_counts": {
    "spectral_entropies": 10000,
    "effective_ranks": 10000,
    "trace_covariances": 10000,
    "gradient_norms": 10000
  }
}