{
  "model": "falcon-h1-7B",
  "num_layers": 45,
  "metric_means": {
    "spectral_entropies": [
      4.299905149750496,
      4.449262921605895,
      4.481427384290486,
      4.487848790510754,
      4.5279212146206635,
      4.534905125283219,
      4.527309025481761,
      4.291650320382802,
      4.168839598895023,
      3.9270176244017025,
      3.9372673770349254,
      3.939928361554323,
      3.9439184184866116,
      3.9610775151516653,
      3.9785633022085656,
      3.9860577829142607,
      3.9862591368940583,
      3.91097172721938,
      3.9160322663999128,
      3.931628666292817,
      3.9429841404886656,
      3.9596434480046754,
      3.9667734723817767,
      3.9848115232697574,
      3.981363167809753,
      4.01399043493871,
      4.050554499109195,
      4.082979976453051,
      4.1310992777754265,
      4.196081776976857,
      4.25285059850807,
      4.292950660012905,
      4.345615428898531,
      4.382992659489976,
      4.416379157840709,
      4.457430201466107,
      4.49123787500354,
      4.521109979382241,
      4.544092981629158,
      4.555302149604178,
      4.561358434852097,
      4.552022076448408,
      4.537155815107159,
      4.417721932001236,
      3.0952824696706407
    ],
    "effective_ranks": [
      83.93783169067476,
      113.42683851402577,
      124.07354056103108,
      126.21152388172858,
      133.37831690674753,
      134.7308567096285,
      135.12130401819562,
      123.6527672479151,
      113.49052312357847,
      93.59742228961335,
      94.42987111448066,
      94.22062168309326,
      95.04852160727825,
      96.82865807429872,
      99.01288855193329,
      100.67778620166793,
      102.19257012888552,
      95.03639120545868,
      96.43290371493556,
      98.35633055344958,
      100.92797573919636,
      103.02956785443517,
      104.74298711144807,
      107.01743745261562,
      108.36467020470053,
      112.87945413191812,
      117.83093252463988,
      122.33889310083397,
      128.49658832448824,
      132.78923426838514,
      136.36846095526914,
      137.24109173616375,
      137.94313874147082,
      138.29946929492039,
      138.58984078847612,
      138.76876421531463,
      138.86050037907506,
      138.93328278999243,
      138.97573919636088,
      139.0,
      139.0007581501137,
      138.96739954510994,
      138.88779378316906,
      137.23275208491282,
      29.12964366944655
    ],
    "trace_covariances": [
      7365.5122107331545,
      4950.338590285017,
      4663.309350049161,
      4569.576427861721,
      4586.741937436327,
      4579.147994011799,
      4601.015992599152,
      22579.657270985357,
      39983.47332999668,
      87103.00581347138,
      87631.50473251517,
      87993.86918652862,
      88349.18319098275,
      89150.66533595527,
      90032.0008055345,
      90516.97174410065,
      91100.84554172195,
      120853.38122216168,
      122212.29966771702,
      123526.19741222043,
      125615.59236696835,
      126637.60066811979,
      128001.8314241376,
      129196.30242489575,
      129945.22183590788,
      131318.765998152,
      130589.00878387984,
      132205.80856117324,
      134758.65102587186,
      140057.88153904473,
      150479.7138279473,
      157752.62822806102,
      165999.2718145849,
      174879.44604695792,
      184962.41522341737,
      198691.74953800227,
      214696.67155515542,
      231185.94923948066,
      252522.79678023123,
      270093.9703729151,
      291083.11952710385,
      312126.1464414329,
      337615.15234078845,
      327329.75843442004,
      734689.3893337756
    ],
    "gradient_norms": [
      679457.9976077502,
      679674.1757673802,
      679046.2224264363,
      693124.5875013559,
      703632.3987361877,
      729426.344193809,
      744649.045373676,
      1275136.8742499617,
      1638009.8985865063,
      2347781.87933296,
      2373875.407460907,
      2383039.4769692966,
      2406398.922959914,
      2430547.299558689,
      2453906.673499795,
      2483058.8096934003,
      2525671.798917844,
      2853940.8720420874,
      2895610.8063752037,
      2912020.1915975614,
      2962277.9596594647,
      2976704.560686302,
      3022141.6089291065,
      3036092.61640345,
      3114108.0593476156,
      3148230.197082928,
      3167951.711133135,
      3236189.9413582115,
      3296414.64754198,
      3426761.3472653446,
      3591599.305377076,
      3781961.4306805977,
      3910177.9832278527,
      4068321.2753506834,
      4231635.274194493,
      4405455.201422626,
      4602320.564131259,
      4756635.301238899,
      5020237.279079925,
      5250782.009106111,
      5609760.329277267,
      6151066.9223544,
      6866324.301282249,
      9569956.672199264,
      40340606.817060165
    ]
  },
  "metric_stddev": {
    "spectral_entropies": [
      0.1226664604590375,
      0.1238532875657639,
      0.1278693556664171,
      0.13009809842813597,
      0.13346464587498078,
      0.13307122985470768,
      0.13255539466382757,
      0.15932979248932183,
      0.17147853521086845,
      0.18683000612112638,
      0.18542404084180275,
      0.18475814673766874,
      0.18447893366848384,
      0.184757102227197,
      0.18466832500333366,
      0.18475008737268145,
      0.18446859562586798,
      0.20041865836993566,
      0.19979360101105414,
      0.2003743885746663,
      0.19979429938500942,
      0.19960413512789202,
      0.1989021576584404,
      0.1986856123709201,
      0.19634210291789875,
      0.19520564969445708,
      0.19413275076392456,
      0.19273989024226942,
      0.18953881714149795,
      0.1838490991792494,
      0.18047956170914092,
      0.17577507877298254,
      0.17132668767447376,
      0.167863470411205,
      0.1642283233150093,
      0.15974850816104746,
      0.15551974249500528,
      0.15285540754801566,
      0.1500763179509119,
      0.14887210803228493,
      0.14800874288865146,
      0.14715950627864127,
      0.14536696228295468,
      0.13997542902501353,
      0.12429115681275825
    ],
    "effective_ranks": [
      10.426085755791977,
      12.712911778390177,
      15.205418593452443,
      15.877757245337904,
      18.260969012467648,
      18.688758440774016,
      18.66521988895663,
      16.488027739089855,
      14.501206886590934,
      10.880340724958344,
      10.947705155074063,
      10.922224669108088,
      11.155913074368392,
      11.540430898138638,
      11.798085699465835,
      12.03542000516988,
      12.14371101177611,
      13.086448098730703,
      13.339042492327495,
      13.7318931583228,
      14.197345220194647,
      14.579587629903246,
      14.858816418705118,
      15.393340472730436,
      15.512968622142512,
      16.55028281662583,
      17.79267078040831,
      18.86533852227109,
      19.73634513165721,
      20.447004060696187,
      21.38137206312484,
      21.603007518869184,
      21.85846900465176,
      22.04724389349658,
      22.253694922041195,
      22.419751905012227,
      22.526705312877503,
      22.628961543122653,
      22.688750089368465,
      22.731459953634133,
      22.725033812780012,
      22.661686768152904,
      22.51314560310976,
      20.243951214657574,
      2.490167452140508
    ],