{
  "model": "falcon-H1-7B-Instruct-hint",
  "num_layers": 45,
  "metric_means": {
    "spectral_entropies": [
      4.685299583530426,
      4.817701160097122,
      4.852987482404709,
      4.848266613817215,
      4.888801088953018,
      4.89849261097908,
      4.886794364452362,
      4.7129124606609345,
      4.610164533805847,
      4.406384108972549,
      4.410897357034683,
      4.4108397076129915,
      4.408019285011291,
      4.42232824087143,
      4.442588286733628,
      4.453190991020203,
      4.458006304788589,
      4.345136754155159,
      4.349817903184891,
      4.366945930385589,
      4.38091179561615,
      4.398060148406029,
      4.405903158044815,
      4.4256809303045275,
      4.423493217635155,
      4.4525352241039275,
      4.488536817789078,
      4.5182538769721985,
      4.565246892595291,
      4.6249367978096005,
      4.679708670425415,
      4.716908359766006,
      4.762029303884506,
      4.793863524103164,
      4.823354995298385,
      4.857034730243683,
      4.8850411339759825,
      4.910415062522889,
      4.932504298162461,
      4.940233679676056,
      4.943649761676788,
      4.932226225233078,
      4.911172026872635,
      4.7878893731117245,
      3.4850877631664274
    ],
    "effective_ranks": [
      119.8326,
      155.5226,
      168.2342,
      172.6059,
      182.6744,
      185.7275,
      186.6429,
      174.4565,
      157.0647,
      127.6162,
      127.5268,
      126.2706,
      126.8598,
      129.0698,
      132.5549,
      135.6218,
      138.4458,
      122.8896,
      124.8726,
      127.8953,
      131.6631,
      134.0365,
      136.5162,
      139.8599,
      142.1731,
      148.8598,
      156.8747,
      163.4409,
      172.3379,
      180.249,
      186.5667,
      190.111,
      192.2879,
      193.6978,
      194.9734,
      196.4523,
      197.4063,
      198.3139,
      198.6806,
      198.8826,
      198.7734,
      198.5585,
      197.8663,
      190.8908,
      29.4553
    ],
    "trace_covariances": [
      6922.473129882813,
      4665.205637207031,
      4403.574930810547,
      4317.232287207031,
      4346.100387695313,
      4352.394596044922,
      4389.8091484375,
      17111.526749609377,
      29256.020745898437,
      61660.7947171875,
      62048.0630375,
      62345.76960273438,
      62634.568089453125,
      63212.70978203125,
      63827.6713140625,
      64305.7098640625,
      64697.74643398437,
      104620.784975,
      105354.54329375,
      106782.919940625,
      108089.68633203126,
      108870.776771875,
      110039.82626953124,
      111059.482365625,
      111934.751940625,
      113118.97955546874,
      113323.84494453124,
      115179.7987125,
      117647.3612421875,
      122726.02928359374,
      132785.948690625,
      140425.28752109376,
      148046.3253453125,
      156788.62364296874,
      166748.28525625,
      180068.2329140625,
      195666.08864375,
      212825.101153125,
      233906.4506921875,
      251773.8039015625,
      273522.814284375,
      295697.58125625,
      323128.565909375,
      323675.96921875,
      794314.5841125
    ],
    "gradient_norms": [
      948486.7399342556,
      958493.0389279686,
      959251.6817879494,
      976758.5209564297,
      990257.5397565388,
      1020385.3329713787,
      1039789.1789706214,
      1635070.9993425473,
      2061947.639866042,
      2896142.6754227784,
      2934009.6403013063,
      2946288.4595063333,
      2983652.346659896,
      3014535.023898869,
      3039527.404114702,
      3087209.740369846,
      3148469.6377345026,
      3841163.193626864,
      3896966.0006771423,
      3932056.148484803,
      3999862.4096901794,
      4018809.6966947503,
      4079495.114438791,
      4102547.6222118014,
      4214751.24777129,
      4275003.393100715,
      4305334.695671627,
      4402788.808553662,
      4491410.635562079,
      4675342.223652333,
      4905599.550692103,
      5182965.1964657,
      5377269.217879774,
      5609774.452845446,
      5852957.231997496,
      6115868.758863797,
      6411713.217017023,
      6657893.506303603,
      7018086.485695848,
      7364169.188253106,
      7901218.814744015,
      8701880.580311693,
      9784527.479669718,
      13751341.905460387,
      57566422.966901235
    ]
  },
  "metric_stddev": {
    "spectral_entropies": [
      0.02114408207905209,
      0.03677168164133587,
      0.04609112255657427,
      0.05102800298594601,
      0.05317615620442537,
      0.055191649619572916,
      0.05590815456992805,
      0.06721717821301294,
      0.07107396932575077,
      0.07725570724171066,
      0.07578430521414159,
      0.07530248408216565,
      0.07398245037067935,
      0.07407472823768524,
      0.07493836094423782,
      0.07532827646157864,
      0.07650835591258347,
      0.13858070653971882,
      0.13550106037225143,
      0.13364927789825856,
      0.12979660593548956,
      0.12787922892437845,
      0.12507207444710247,
      0.12308425395867571,
      0.11908699890963098,
      0.1149865326722803,
      0.11254209854179555,
      0.10747917194006183,
      0.10143374682080239,
      0.09178386072158062,
      0.0859088573134256,
      0.07967174861097188,
      0.07546825459045618,
      0.07176406526588962,
      0.0687537510658265,
      0.06634851387137518,
      0.0638183922164093,
      0.06212963934955768,
      0.06065726052590906,
      0.05952084717506316,
      0.05889463177021908,
      0.05795245405060669,
      0.05733975913546588,
      0.05539384242398335,
      0.03960156071200538
    ],
    "effective_ranks": [
      2.4191243159965463,
      5.311601505295117,
      7.853261598327779,
      8.863895422115817,
      9.800489253040602,
      10.07076887772596,
      10.327557573528107,
      9.535586006640516,
      8.051508963520602,
      5.11993348901072,
      4.983990948685255,
      5.04996295556576,
      4.916315792958923,
      4.971257315803568,
      5.125740269593135,
      5.429393390725952,
      5.635498047539659,
      18.017859921966963,
      18.328124870158486,
      18.876164040049378,
      19.573822106101435,
      19.928499247514797,
      20.136953276221025,
      20.677273199160247,
      20.924964081262683,
      21.6634871299026,
      22.686618703032902,
      22.6946339876029,
      22.03885874358014,
      18.86970602793074,
      16.267305051278335,
      14.000995742737933,
      13.043658508744095,
      12.748722608670377,
      13.094656904399189,
      13.51692995652408,
      13.847136694258417,
      14.309131417182893,
      14.677858413023117,
      14.769029408291702,
      14.775320079387377,
      14.528746890169925,
      14.117066036020251,
      10.072130864023753,
      1.915298605146092
    ],
    "trace_covariances": [
      315.62159334904374,
      128.81968673518378,
      102.62668042096031,
      81.14442285408634,
      68.00768630373014,
      60.130563364286964,
      34.04170411428407,
      808.6242348366409,
      1651.9425376233912,
      3974.1642393175266,
      3984.1208586321527,
      3990.4111493010605,
      4003.537683439196,
      4023.11351578153,
      4044.123668427494,
      4059.4329119669596,
      4054.4210243211287,
      63849.82137731766,
      63916.952481730164,
      64601.22066086055,
      64681.17183805765,
      64798.431799189086,
      64922.882892707916,
      65027.897559733945,
      65543.6183927111,
      65479.45566869823,
      66219.8627278424,
      66280.04017825764,
      66337.67335686264,
      66363.29628258412,
      69245.3760702653,
      69000.19780786069,
      68777.08719066458,
      68497.21771805194,
      68335.7515455368,
      68162.18151312941,
      67739.27114128698,
      67611.92645118684,
      65738.61616153117,
      65112.532912762304,
      64984.043598984346,
      64422.0380397386,
      63011.16900033384,
      17155.335534673366,
      13064.376384945177
    ],