{
  "model": "Falcon-H1-34B-Instruct",
  "num_layers": 73,
  "metric_means": {
    "spectral_entropies": [
      4.2189372997558685,
      4.150894745811538,
      3.9987665307259723,
      3.968981647238395,
      3.9804725513212422,
      3.9843477205040783,
      3.993564614208473,
      4.0117612848506,
      4.019072280678449,
      4.025105082871247,
      3.990605399136836,
      3.9510806409403445,
      2.706617046975113,
      2.7343977938284016,
      2.752829689795181,
      2.7777621633993848,
      2.809456356914772,
      2.869827224234002,
      2.9174606904918448,
      2.9879873590635655,
      3.01174684597562,
      3.0325567042673964,
      3.0499534887107056,
      3.076445749078943,
      3.1125430585399916,
      3.136125900783351,
      3.138706081287711,
      3.133261451583816,
      3.1216604116742044,
      3.100164806779539,
      3.1119052846834823,
      3.1056690266676434,
      3.1125473587507546,
      3.1178425137430903,
      3.1270331987564632,
      3.1339411233030003,
      3.1505191949753257,
      3.1684962708991615,
      3.1960016726724483,
      3.209667751154636,
      3.222827124902929,
      3.2480865875096643,
      3.282651819362163,
      3.311080972926015,
      3.341948045935931,
      3.3833329391985614,
      3.4495609341651043,
      3.5258350751904306,
      3.6038702495898867,
      3.679762338850876,
      3.740170821716968,
      3.8037744381827236,
      3.8565760277002665,
      3.9023179969975583,
      3.9475951991901876,
      3.9973738074212295,
      4.061591901591187,
      4.117788169490649,
      4.153481505692593,
      4.183692326411955,
      4.217880700193091,
      4.247209240397872,
      4.279232783783919,
      4.300191930245956,
      4.323267771675336,
      4.345020981789358,
      4.366577392278791,
      4.3976941585902285,
      4.41739545833712,
      4.417480694696341,
      4.401793154556702,
      4.361565381672637,
      3.4547822271177857
    ],
    "effective_ranks": [
      81.1918119787718,
      86.69825625473844,
      84.60803639120546,
      86.1918119787718,
      86.73768006065201,
      87.13495072024261,
      88.07808946171342,
      89.28203184230478,
      90.05079605761941,
      90.6937073540561,
      89.88021228203185,
      89.13570887035632,
      22.710386656557997,
      23.612585291887793,
      24.417740712661107,
      25.166034874905232,
      26.319939347990903,
      28.514025777103868,
      30.680818802122822,
      33.40940106141016,
      34.80742987111448,
      35.676269901440484,
      36.39575435936315,
      37.31842304776346,
      38.79075056861259,
      39.77331311599697,
      39.98332069749811,
      39.884003032600454,
      39.583775587566336,
      38.51933282789992,
      38.97498104624716,
      38.420015163002276,
      38.447308567096286,
      38.642153146322975,
      38.923426838514025,
      39.0371493555724,
      39.70583775587566,
      40.31690674753601,
      41.31463229719485,
      41.78923426838514,
      42.23881728582259,
      43.37149355572404,
      45.25322213798332,
      46.49962092494314,
      48.178923426838516,
      50.8180439727066,
      55.85064442759666,
      62.02577710386657,
      68.48066717210007,
      75.87338893100834,
      83.35633055344958,
      90.92721758908264,
      97.6633813495072,
      103.27824109173616,
      108.22062168309326,
      113.5087187263078,
      120.81122062168309,
      125.1751326762699,
      127.21607278241092,
      128.79757391963608,
      130.52312357846853,
      131.6398786959818,
      132.75056861258528,
      133.41622441243365,
      133.89689158453373,
      134.29946929492039,
      134.43290371493555,
      134.55041698256255,
      134.60727824109173,
      134.65504169825624,
      134.57391963608794,
      134.2289613343442,
      52.54662623199393
    ],
    "trace_covariances": [
      16661.857912747582,
      13941.6945188116,
      10132.520863935746,
      11786.471243603108,
      11585.64149494764,
      11808.153645339746,
      11930.142778768242,
      12044.55753352445,
      12193.81686454582,
      12298.294999615002,
      11820.472363059136,
      11138.970117853843,
      782361.4976544731,
      791588.3011514405,
      800510.3957543593,
      809596.9523313117,
      818488.881823351,
      828597.1556103108,
      838114.0291650872,
      838447.7214982942,
      846782.5064916604,
      845119.3447924564,
      844103.3535111827,
      855129.2947308567,
      854184.5688021228,
      853889.2308567096,
      853863.6758197498,
      852290.7213798332,
      840849.0451573161,
      869579.9786059515,
      868677.9442996589,
      897136.2797100076,
      906152.1632391964,
      904404.5689916604,
      913504.6403288476,
      935596.7330837756,
      945986.973346285,
      950011.6661770281,
      951627.7430344959,
      951545.7400492798,
      955953.4232609932,
      932501.3604529947,
      931737.794896702,
      941434.6685225549,
      938843.4263883624,
      939123.6501137225,
      938405.4878932904,
      950148.2178260046,
      951166.2266631918,
      957651.7970763836,
      960856.8301743745,
      966592.404757392,
      971678.4254643669,
      977141.6635235026,
      994824.2773881728,
      1004827.3255780895,
      1020123.8801648977,
      1038501.8793593631,
      1053341.9008718727,
      1066526.8376137225,
      1086064.7315674752,
      1103725.5217968158,
      1127089.1420583776,
      1143850.130070129,
      1163918.1160443518,
      1184996.597611827,
      1209146.7648313115,
      1249725.260045489,
      1288138.2699014405,
      1340682.5765731614,
      1417173.005686126,
      944618.7295299469,
      1476594.2860121303
    ],
    "gradient_norms": [
      1295634.7277175253,
      1954761.9457071505,
      1992738.664370896,
      2333954.532126871,
      2431186.6806302657,
      2455612.0258792886,
      2468298.86729507,
      2476815.049551102,
      2486583.8219246333,
      2496248.399406954,
      2529272.7317829295,
      2550093.2447809777,
      9012508.702590259,
      9065466.212393934,
      9123143.493939685,
      9183444.336587148,
      9249722.665546022,
      9308552.344189478,
      9379682.091983428,
      9393226.969708094,
      9477835.64651034,
      9514457.170965903,
      9541804.738570323,
      9632457.921819868,
      9662301.06605516,
      9683679.093544263,
      9692576.954465732,
      9738219.337549744,
      9730316.948420089,
      9934941.888029682,
      9988148.919258289,
      10211170.54878424,
      10330518.436752496,
      10413653.938325627,
      10520878.753200341,
      10671094.234857822,
      10740845.974531934,
      10854124.33892079,
      10869250.701536736,
      10895567.482128669,
      10944222.91000022,
      10948836.50922065,
      11021386.486140046,
      11128550.576510565,
      11283021.23671531,
      11326279.037174016,
      11483567.721479801,
      11682525.378691036,
      11927402.041439785,
      12006458.187214578,
      12200237.474037506,
      12397506.542123895,
      12591499.967201218,
      12758649.152871842,
      12966526.276692046,
      13110046.734915854,
      13274590.711093845,
      13505517.4598776,
      13673569.61132969,
      13871089.937454939,
      13934077.68114734,
      14062176.905930659,
      14028174.201641172,
      14169139.979389595,
      14276852.46573301,
      14474091.584622523,
      14664651.119980758,
      14790220.116867285,
      15352313.56397468,
      16503214.37713183,
      18152484.65694432,
      21790083.13516585,
      54694086.140078
    ]
  },