{
  "model": "falcon-H1-7B-Instruct",
  "num_layers": 45,
  "metric_means": {
    "spectral_entropies": [
      4.193708189582825,
      4.32327642827034,
      4.353190713453293,
      4.35580352344513,
      4.389918279838562,
      4.394572268486023,
      4.387826597118377,
      4.124925629615784,
      3.982072131514549,
      3.7169394226551056,
      3.7313213621616366,
      3.7371135281085968,
      3.7403971707105637,
      3.7551644143104554,
      3.7774268265247346,
      3.78862648537159,
      3.7933849143743514,
      3.6596321487665175,
      3.66648310611248,
      3.6835266712903976,
      3.6977540562152864,
      3.7156831147909166,
      3.72225626809597,
      3.7414068143606185,
      3.743894142270088,
      3.7764257561206818,
      3.8142204704999925,
      3.8456098098278044,
      3.899068115091324,
      3.975040950703621,
      4.037400543546677,
      4.087009850430489,
      4.144277109074593,
      4.187775540113449,
      4.230884498500824,
      4.2792185150623325,
      4.316001854228974,
      4.3492715339183805,
      4.3790262108325955,
      4.390559153795242,
      4.399483768987656,
      4.392122926807404,
      4.379173413181305,
      4.273365830659866,
      3.0220631459236147
    ],
    "effective_ranks": [
      74.2701,
      100.2181,
      106.4288,
      108.7484,
      113.6096,
      113.9883,
      113.9788,
      107.7789,
      99.7508,
      83.733,
      84.3809,
      84.0953,
      84.1844,
      85.4408,
      87.5153,
      88.9835,
      90.8369,
      81.2063,
      82.3523,
      83.9053,
      85.8542,
      87.4168,
      88.7924,
      90.4395,
      91.7997,
      94.5939,
      97.8496,
      100.8664,
      105.0802,
      108.2975,
      111.1809,
      112.4596,
      113.5685,
      114.2982,
      115.0415,
      115.5096,
      115.7505,
      115.9145,
      116.0947,
      116.1564,
      116.1956,
      116.1844,
      116.1219,
      114.8592,
      36.4627
    ],
    "trace_covariances": [
      6390.101451220703,
      4517.205485009766,
      4323.989472802735,
      4414.491233935547,
      4492.63940390625,
      4498.466341308594,
      4534.430730761719,
      25889.706478515625,
      46543.98739648437,
      103230.6351796875,
      103658.94551640625,
      104015.1520171875,
      104320.13195078124,
      105004.97700625,
      105763.057909375,
      106295.44545390626,
      106595.615921875,
      172188.08945703125,
      173173.0535890625,
      175427.11837109376,
      177336.711390625,
      178346.3927375,
      179904.00638515624,
      181264.35834453124,
      182196.55681640626,
      183485.73492734376,
      182866.897159375,
      184636.97475078126,
      187256.99695625,
      192215.20161796876,
      204753.35353671876,
      211860.10734453125,
      220017.546265625,
      229388.779178125,
      240619.5553078125,
      256153.916378125,
      273634.52790625,
      292491.5651515625,
      316390.552378125,
      336704.047128125,
      359719.1402921875,
      381364.87108125,
      409387.33215625,
      373056.186371875,
      930662.730375
    ],
    "gradient_norms": [
      529935.3058351253,
      552244.1746090011,
      554945.8891172949,
      574614.7052837906,
      586885.2379333496,
      609297.7671114948,
      618689.569925823,
      1131994.649851255,
      1472939.4446593123,
      2137918.841726916,
      2158623.5049917083,
      2165522.6185674723,
      2184918.379342453,
      2202379.65890041,
      2217295.4131002896,
      2240332.0807047384,
      2272607.891069,
      2815580.651086228,
      2844008.629806599,
      2862916.3526913533,
      2900264.148548717,
      2910379.732309998,
      2947143.9913327005,
      2953435.4557388,
      3010896.873688012,
      3035164.5955036054,
      3046641.7515475033,
      3097954.827921632,
      3139453.136572974,
      3236876.977629331,
      3365750.515930963,
      3499318.818354505,
      3599650.415793039,
      3724034.8731774683,
      3846904.5543544,
      3981602.2450780976,
      4137864.3181560365,
      4258989.703934375,
      4451783.553765793,
      4634815.367711872,
      4908842.270201236,
      5340305.565498432,
      5915028.908795188,
      8024167.084444684,
      33265828.748197377
    ]
  },
  "metric_stddev": {
    "spectral_entropies": [
      0.04877654518144007,
      0.06968863268726576,
      0.08273798316504899,
      0.08968117896884359,
      0.09309661646708796,
      0.09621202111800141,
      0.09723860534316657,
      0.12160993417022675,
      0.1292962524408599,
      0.1408363777701625,
      0.1379671302340616,
      0.13716596003089612,
      0.13555146498496787,
      0.13573721657811563,
      0.13695528235652754,
      0.1375225546642008,
      0.13884641740348938,
      0.17197349080043678,
      0.16973988924538702,
      0.16891768629265738,
      0.16568626090137692,
      0.1644014293545518,
      0.162123222504118,
      0.16128985056303777,
      0.15719640231322804,
      0.15463248741567148,
      0.1530619495710311,
      0.1493540564051784,
      0.144749933938691,
      0.13645309040866332,
      0.13110679476408263,
      0.12500745444009126,
      0.12003550486307905,
      0.11523005730942662,
      0.11112370937778163,
      0.10782967201942724,
      0.10419264580868996,
      0.10153672350194154,
      0.1001292119130775,
      0.09830329011313424,
      0.0977474186573147,
      0.09663746600257014,
      0.09520957260065187,
      0.09166370350412366,
      0.054703773240221944
    ],
    "effective_ranks": [
      3.50562047681889,
      7.1290823232362595,
      9.34334310437282,
      10.639841073145648,
      12.007048128514919,
      12.446174265025924,
      12.428274086118492,
      10.573731374000467,
      9.18008315608711,
      6.530051696389003,
      6.315742557324816,
      6.263173368514346,
      6.292309270498327,
      6.400264971012614,
      6.749157060114645,
      6.938936707757394,
      7.0814343929248995,
      12.381262854692462,
      12.652438228630878,
      12.843622065943594,
      13.171017042316976,
      13.476432732140696,
      13.600801462415891,
      13.861513406024088,
      13.902010879748829,
      14.273806673262731,
      14.740383567964777,
      14.474014672856795,
      14.024451379060467,
      12.535442053661967,
      12.486839764596962,
      12.61386851080463,
      13.071755613898112,
      13.53099351631507,
      14.118559102157072,
      14.57480532751697,
      14.829330418264371,
      15.028252546036299,
      15.266251594736097,
      15.350371410172732,
      15.40244994104728,
      15.372944720610477,
      15.263719681121874,
      13.376511819859848,
      3.019556338611483
    ],
    "trace_covariances": [
      479.0697421979953,
      217.0943648032702,
      179.5883859885254,
      165.2219915039641,
      148.60079508133762,
      134.8481020573335,
      93.71521283647105,
      2498.8916576951683,
      4976.2843396632825,
      12221.069748982376,
      12235.579618430527,
      12249.958320758991,
      12267.9811726773,
      12308.905334615461,
      12355.443866229247,
      12392.48947943184,
      12360.632034852455,
      99670.80910412662,
      99729.64011093297,
      100802.71377584114,
      100901.44130260634,
      101084.43602020068,
      101231.81984050432,
      101420.29531306133,
      102248.41905221262,
      102163.70861339633,
      103357.00853612789,
      103446.90796353259,
      103546.82644739337,
      103523.23069774338,
      108088.23427648294,
      107763.94929729938,
      107441.69672127003,
      107003.42978986191,
      106816.61431643239,
      106610.26444765445,
      106071.7341125593,
      106049.39355586717,
      103173.2844190087,
      102284.79994317493,
      102185.20751032115,
      101513.422900702,
      99406.39630681262,
      26268.973412845808,
      31568.798982691966
    ],