{
  "model": "qwen2-5-32B",
  "num_layers": 65,
  "metric_means": {
    "spectral_entropies": [
      4.310328410194171,
      4.420948719056471,
      4.387967651228366,
      4.435307119903102,
      4.480680860471689,
      4.335415494360645,
      1.5894872972330782,
      1.5696335170556417,
      1.6371096935662652,
      1.7061479839978568,
      1.8411550769487777,
      1.9374099308293005,
      2.03379045723965,
      2.110289677423993,
      2.156761798558586,
      2.21255366787755,
      2.245096866880248,
      2.281433989280458,
      2.3170636437714687,
      2.344636160826665,
      2.3737597315486765,
      2.4101914929295236,
      2.434393372745384,
      2.458483264245618,
      2.459859185005518,
      2.4858920704333323,
      2.5225603580474854,
      2.5589001652324987,
      2.6006597626652113,
      2.616561534280032,
      2.633660608751472,
      2.6474542232785288,
      2.6715751446224325,
      2.6607943542804384,
      2.6627366226491285,
      2.6789944105025403,
      2.6733334509146043,
      2.6819705711882436,
      2.6841744626445063,
      2.672054183040269,
      2.6665104820115535,
      2.6817996964660713,
      2.70991471050543,
      2.7374639552682525,
      2.7973074199034467,
      2.8305930375510586,
      2.882040936807686,
      2.940651584701885,
      3.022756512911596,
      3.1163036924496668,
      3.221428665453236,
      3.313982847877485,
      3.4044932265278063,
      3.4980842094696136,
      3.587069937638752,
      3.663437146865752,
      3.73615696486241,
      3.8070172892997807,
      3.8758301241457507,
      3.9421610157990474,
      4.0225140220564,
      4.26868765149901,
      4.346323756217234,
      4.500512769495202,
      4.621641210031112
    ],
    "effective_ranks": [
      80.29037149355572,
      115.89689158453373,
      114.51933282789993,
      120.95072024260804,
      124.38589840788477,
      120.5087187263078,
      3.0212282031842306,
      3.031084154662623,
      3.0727824109173616,
      3.122820318423048,
      3.3442001516300226,
      4.393479909021987,
      4.643669446550417,
      5.294920394238059,
      5.638362395754359,
      6.263078089461714,
      6.905989385898408,
      7.272175890826384,
      7.670962850644427,
      7.956785443517816,
      8.429112964366945,
      9.028051554207734,
      9.636846095526915,
      10.238817285822593,
      10.380591357088704,
      11.0,
      12.193328278999243,
      12.805155420773312,
      13.484457922668689,
      13.636087945413191,
      13.913570887035632,
      14.137225170583775,
      14.556482183472328,
      14.275208491281274,
      14.16603487490523,
      14.34950720242608,
      14.031842304776346,
      14.210007581501138,
      14.264594389689158,
      13.627748294162243,
      13.341925701288854,
      13.795299469294921,
      14.437452615617893,
      14.795299469294921,
      16.06368460955269,
      17.05761940864291,
      18.72934040940106,
      20.869598180439727,
      24.407126611068993,
      29.18347232752085,
      36.51326762699014,
      44.50644427596664,
      54.34192570128886,
      66.75435936315391,
      80.40940106141016,
      93.01971190295679,
      103.92039423805913,
      112.22137983320698,
      118.13722517058378,
      121.34268385140258,
      124.51933282789993,
      127.2661106899166,
      127.30022744503411,
      127.30705079605762,
      127.30705079605762
    ],
    "trace_covariances": [
      2.396666240294473,
      808.0427730580548,
      905.1751203211625,
      1282.1694180457496,
      2109.144532268024,
      8373.471660807785,
      4870251.860500379,
      6101879.125284307,
      6100099.941243366,
      6167162.283358605,
      6165098.987490523,
      6262958.359742229,
      6263523.08510235,
      6301145.575056861,
      6302844.482562548,
      6305508.38419257,
      6309970.918498863,
      6313585.767247915,
      6315469.701857468,
      6317121.245640636,
      6321083.307619409,
      6323252.858984079,
      6324652.339461713,
      6361536.596474602,
      6362350.773881729,
      6364071.746777862,
      6366150.016679303,
      6367825.279378317,
      6370925.430818802,
      6374808.591925701,
      6377381.5682335105,
      6378250.855003791,
      6377282.0066338135,
      6377841.952805155,
      6410887.569749811,
      6412151.481804397,
      6491136.702047005,
      6490675.189158454,
      6560912.18100834,
      6741726.086239575,
      6813915.03297953,
      6887108.72005307,
      6962465.959059894,
      7055471.704131918,
      7041011.60197119,
      7040253.890257771,
      7043170.603297953,
      7050612.563305534,
      7057321.985216073,
      7064693.515921152,
      7075436.102918878,
      7083906.2300985595,
      7094026.189158454,
      7111869.854624716,
      7131499.898407885,
      7152743.831122062,
      7174615.487111448,
      7123648.712282032,
      7075906.078278999,
      6996965.120735406,
      6703734.425890827,
      3749843.996777862,
      3236491.4422858227,
      1414538.1793972705,
      29298.526622618934
    ],
    "gradient_norms": [
      14463.91430301092,
      362685.5100000736,
      423043.53053371696,
      478397.1527547264,
      576501.0162915477,
      953553.0565490983,
      19874048.481298164,
      22243613.794960655,
      22244732.036147438,
      22371734.76363166,
      22378219.6166555,
      22571535.110463165,
      22575684.628847573,
      22639651.738560274,
      22641080.78218784,
      22642322.078655172,
      22646532.10960864,
      22647273.32424331,
      22648079.916995738,
      22649586.330207277,
      22653896.42128571,
      22656538.04690503,
      22658361.529725645,
      22724999.056294512,
      22726674.019110594,
      22729023.59285393,
      22732709.532491654,
      22736681.06008085,
      22740699.839233655,
      22742195.50558862,
      22743457.858522408,
      22745095.13450578,
      22749914.233880322,
      22752432.89500016,
      22816951.777838342,
      22819816.215089098,
      22958201.590306006,
      22960576.893024437,
      23086271.92563513,
      23409409.7655066,
      23545439.73863041,
      23673419.29824968,
      23799149.799894664,
      23953944.425092176,
      23930440.65439494,
      23939626.644811433,
      23947833.276780326,
      23956797.45840858,
      23975445.773200996,
      23997044.376068715,
      24026194.527735963,
      24061961.27673475,
      24107872.877561245,
      24159213.345255934,
      24221850.889185276,
      24286331.37465793,
      24372217.61466346,
      24346574.11280152,
      24334976.856414977,
      24227704.43395325,
      23865562.996067263,
      18341200.20139485,
      17686919.097297832,
      14825873.994032389,
      1713358.1843598704
    ]
  },