{
  "model": "qwen2-5-3B",
  "num_layers": 37,
  "metric_means": {
    "spectral_entropies": [
      4.285417601590449,
      4.510866714662634,
      4.4852382672203595,
      2.55580082366284,
      2.5821149969209407,
      2.7189602775949706,
      2.828477612944423,
      2.9550743345241823,
      3.076419012758025,
      3.166519299522325,
      3.2406312083547273,
      3.2744981121890375,
      3.34852112704285,
      3.3213620916110624,
      3.366788885826591,
      3.375376041953179,
      3.3997770371628677,
      3.4093030914381837,
      3.4209122672236445,
      3.449093203909746,
      3.478363783455329,
      3.4673465484014687,
      3.488435321183165,
      3.5156763035569614,
      3.5660664993673676,
      3.6285944391688765,
      3.682147738064122,
      3.7574794334024078,
      3.84949902768746,
      3.9498198834940554,
      4.060326910814252,
      4.300316276290003,
      4.361776604265585,
      4.39881924339277,
      4.392720660989803,
      4.413724073232169,
      4.614581920054033
    ],
    "effective_ranks": [
      82.29037149355572,
      123.2661106899166,
      122.47232752084913,
      14.13267626990144,
      13.86125852918878,
      17.591357088703564,
      22.190295678544352,
      28.857467778620165,
      36.90144048521607,
      44.02122820318423,
      48.88703563305535,
      50.544351781652765,
      55.52236542835482,
      53.931766489764975,
      56.65579984836998,
      56.64366944655042,
      58.02577710386657,
      58.02501895375284,
      58.52084912812737,
      60.37604245640637,
      62.62395754359363,
      61.46322971948446,
      63.16527672479151,
      65.67475360121304,
      70.53980288097043,
      77.14101592115239,
      84.45943896891585,
      94.43290371493556,
      105.12433661865049,
      115.87490523123579,
      122.2592873388931,
      127.05610310841547,
      127.23730098559514,
      127.27672479150871,
      127.26307808946171,
      127.26156178923426,
      127.29719484457922
    ],
    "trace_covariances": [
      0.9796771848626531,
      392.11418680533757,
      473.3651354184559,
      91422.29595396607,
      107876.95668179018,
      112975.95207365902,
      114461.05120474791,
      115251.9983770849,
      116252.47091783548,
      116902.1555806956,
      117804.0867311884,
      118426.6813370688,
      119020.45051885898,
      118874.2670139547,
      119078.88983723464,
      119152.17237549754,
      119355.71589509098,
      122596.18292148408,
      126470.7420394238,
      126674.6142615144,
      127191.42456110216,
      127134.51948682714,
      126910.48455269143,
      126582.7045998389,
      126695.33326324394,
      126863.46483782695,
      125881.72199583017,
      125688.8995658406,
      124995.73252108604,
      124165.13977800417,
      122124.1143977445,
      76789.17462033263,
      83169.48075601782,
      91352.93881195509,
      88521.10556944182,
      84964.31425322214,
      22297.570944785348
    ],
    "gradient_norms": [
      5945.954334801234,
      123462.60722006836,
      151243.2001987039,
      1724002.213092908,
      1871897.198126365,
      1915879.0382634539,
      1929029.700993685,
      1936893.5212451785,
      1946181.343456688,
      1952109.9289522315,
      1959569.7862471226,
      1966016.1160022581,
      1973258.7541240142,
      1975031.9491311088,
      1977426.3060337952,
      1979756.2508640608,
      1980448.3300473692,
      2009022.6378027669,
      2039040.6644238667,
      2045156.3785241432,
      2047568.9915000133,
      2052589.6457792807,
      2051194.107554601,
      2047521.7897674674,
      2048665.2731283046,
      2051556.4504618486,
      2047375.2962485666,
      2052730.3471811176,
      2052693.9937494048,
      2055238.7162217144,
      2048230.5503234512,
      1706061.3592622946,
      1834051.421038901,
      1996269.1823061875,
      2157027.3921494135,
      2312538.5632817456,
      972332.1469551824
    ]
  },
  "metric_stddev": {
    "spectral_entropies": [
      0.11994939429702445,
      0.14124654750490243,
      0.14554945392078222,
      0.2260868237611548,
      0.2296684904299721,
      0.23759457594421146,
      0.240965301644651,
      0.24259572866053225,
      0.23925381762617365,
      0.23960247691427136,
      0.24156938269702502,
      0.2418476271604456,
      0.2371703542031602,
      0.23527627859482522,
      0.23494330424305943,
      0.23342499846235779,
      0.23415701383736287,
      0.2358312103564348,
      0.2374308298655805,
      0.23686938122372395,
      0.23898442412039345,
      0.23838346393132506,
      0.23765225391420713,
      0.23700663147315176,
      0.23630802717767824,
      0.23473423425544412,
      0.2329694336626318,
      0.2286712632474499,
      0.22321479146109818,
      0.217256016643748,
      0.21137865957149068,
      0.1906691026202898,
      0.18377642943745617,
      0.17914798921701244,
      0.1740439868944649,
      0.1669619443128438,
      0.146140032987215
    ],
    "effective_ranks": [
      10.205468338323724,
      18.954373679952365,
      18.286556086402552,
      2.625569040536082,
      2.707771414374744,
      3.123257203957475,
      3.7648276187632637,
      4.434244237670912,
      5.053971774788885,
      5.80339270835588,
      6.605865347352257,
      6.914344539455522,
      7.250299047773295,
      6.96380513298994,
      7.172158546621481,
      7.17970735852659,
      7.268486638288443,
      7.399922813367602,
      7.5174645748096465,
      7.818671620173979,
      8.17475493925418,
      8.073823203660815,
      8.16911397407288,
      8.387317422572039,
      9.126478525684423,
      10.07738536429339,
      10.863534106420609,
      12.068589134048494,
      13.934912890450628,
      16.361210079573784,
      19.11389320103385,
      21.98961419167967,
      22.206178390684393,
      22.25561932162982,
      22.193583945892946,
      22.169624073264266,
      22.274864193215496
    ],
    "trace_covariances": [
      0.023290833013345724,
      13.222155914168619,
      18.79456811570475,
      14360.646031948872,
      16948.870349410707,
      17728.569952536265,
      17939.207685511996,
      18037.14288348965,
      18163.80441652021,
      18233.735139933786,
      18330.593584770293,
      18397.112400072598,
      18440.09177490402,
      18421.12329104713,
      18421.03813549688,
      18431.21820278822,
      18447.310554875836,
      18933.702165629507,
      19528.48472189362,
      19531.92092895835,
      19599.955080124484,
      19576.54532696197,
      19527.19274565203,
      19471.898338267074,
      19443.11937180864,
      19394.54851846986,
      19183.38785874656,
      19037.852908146277,
      18754.64141227865,
      18350.836381758087,
      17685.82470721389,
      11962.266657759284,
      11843.51656520327,
      11893.052751273177,
      10776.31497907665,
      8768.53843234688,
      729.3695001416435
    ],
    "gradient_norms": [
      1054.7156460823946,
      20386.600022933457,
      24447.795868599093,
      147943.67245277326,
      160622.23254997056,
      164653.96706358306,
      166089.8847134114,
      167157.8642179425,
      168363.74752155598,
      169369.4460649898,
      170315.74950083505,
      171263.6637472359,
      172489.10682973586,
      173100.68046609988,
      173447.97198957566,
      174013.15453494855,
      174107.13691309915,
      176744.4265866085,
      179421.91326844002,
      180723.82709050665,
      181188.24700072943,
      182143.42950883234,
      182220.9955484924,
      182000.83203556505,
      182569.31335035255,
      184002.3266007093,
      184573.3104145085,
      186620.63435684194,
      189315.1682220257,
      194529.89195036577,
      198787.41915311216,
      210819.44606437086,
      239712.96259958396,
      272624.93917467905,
      319241.8970299466,
      379150.59752325853,
      179706.9909558487
    ]
  },
  "metric_sample_counts": {
    "spectral_entropies": 1319,