{
  "model": "qwen2_5_32b_instruct_hint",
  "num_layers": 65,
  "metric_means": {
    "spectral_entropies": [
      4.672899308729172,
      4.770938754272461,
      4.737847185754776,
      4.77940126991272,
      4.821977197504044,
      4.727669554805756,
      2.014292616176605,
      1.9977302000761032,
      2.07943868598938,
      2.1628687034368514,
      2.311784400200844,
      2.423305060720444,
      2.542932382082939,
      2.6261354196310043,
      2.6762221346378325,
      2.732131379508972,
      2.7618431753873827,
      2.7986212076187136,
      2.8314039284706114,
      2.8611315586328505,
      2.888774477505684,
      2.922674575948715,
      2.9484546188592913,
      2.9760686630010604,
      2.97825537006855,
      3.007877288079262,
      3.04351923186779,
      3.083524044585228,
      3.1289690146684648,
      3.1500055419921873,
      3.1694488537788392,
      3.182580438876152,
      3.2057637377262114,
      3.189598070883751,
      3.1883461942195894,
      3.206435216355324,
      3.2082082620143892,
      3.20865674803257,
      3.2119017283201217,
      3.1997007744312285,
      3.1920578699588775,
      3.208688832640648,
      3.2309955676794053,
      3.2566354506731034,
      3.3169712126493454,
      3.356694028711319,
      3.4113429714679717,
      3.4796218790054323,
      3.567594444656372,
      3.6626247603654862,
      3.7614862275600434,
      3.8453721833467482,
      3.928789589548111,
      4.010301504898071,
      4.088830585241317,
      4.151595308876038,
      4.210551999664307,
      4.263192237472534,
      4.314455691766739,
      4.365646047925949,
      4.431991232347489,
      4.628903377866745,
      4.685466539525986,
      4.772707210254669,
      4.798940361404419
    ],
    "effective_ranks": [
      114.7231,
      160.0271,
      157.0417,
      164.1372,
      171.0267,
      167.1886,
      3.0,
      3.0,
      3.0004,
      3.0225,
      4.2082,
      5.2035,
      5.3243,
      5.6011,
      6.8568,
      7.2539,
      8.1791,
      9.1584,
      9.3668,
      9.6803,
      10.7816,
      11.5444,
      12.062,
      12.4928,
      12.6093,
      13.1165,
      14.0799,
      14.6707,
      15.6922,
      16.3646,
      16.7344,
      16.6993,
      17.063,
      16.3847,
      16.2657,
      16.6616,
      16.8591,
      17.0532,
      17.1189,
      16.2581,
      16.2808,
      16.9677,
      17.5674,
      17.9777,
      19.7484,
      21.1618,
      23.2521,
      26.716,
      32.1938,
      38.5926,
      47.9783,
      57.5476,
      69.5218,
      83.9042,
      98.5469,
      112.3171,
      125.9571,
      136.9622,
      146.4579,
      155.3371,
      163.8401,
      176.552,
      177.6786,
      178.2613,
      178.7829
    ],
    "trace_covariances": [
      2.4476511660814286,
      807.4752770446777,
      906.6021409667969,
      1308.5189921630858,
      2095.991177709961,
      6682.10258125,
      3425024.895775,
      4288181.488625,
      4303895.542,
      4332248.835525,
      4343035.991625,
      4411490.046875,
      4417924.907225,
      4443719.974925,
      4458052.25495,
      4478388.49235,
      4500071.7432,
      4518738.58,
      4532378.02795,
      4537616.77195,
      4556972.65625,
      4572437.449325,
      4576241.643925,
      4598960.097575,
      4612221.369025,
      4618511.6066,
      4624348.81,
      4630830.726125,
      4644550.864325,
      4658839.964,
      4670424.70175,
      4677428.7141,
      4692442.841975,
      4706246.4578,
      4725370.82605,
      4736932.859175,
      4792195.752,
      4805315.695875,
      4823223.236125,
      4959441.479,
      5007502.788875,
      5033226.642725,
      5058664.848975,
      5118304.5307,
      5104834.770625,
      5110224.5384,
      5123212.44985,
      5124476.8559,
      5130515.6717,
      5139243.43915,
      5149744.273,
      5155114.41305,
      5164923.2825,
      5174833.97225,
      5176813.96345,
      5184931.95975,
      5180770.90715,
      5154778.19165,
      5118282.27535,
      5069151.2686,
      4871762.248275,
      2856816.820675,
      2542714.953925,
      1323577.42335,
      33273.25126523437
    ],
    "gradient_norms": [
      20492.392332371157,
      509766.68324147054,
      596079.4078441799,
      679088.807013661,
      812762.6668887972,
      1237655.4742492717,
      23707523.58141144,
      26524495.67384355,
      26578701.511876732,
      26673787.236331005,
      26720381.337072182,
      26954102.19993816,
      26977882.005380414,
      27052251.046020027,
      27094146.732019596,
      27151594.44775945,
      27212857.84488002,
      27261538.160047732,
      27298737.61985264,
      27312984.16783777,
      27368217.88131016,
      27411505.25275276,
      27422712.094146166,
      27490847.099828523,
      27531534.594114833,
      27549109.223710295,
      27566328.425075963,
      27585831.24131991,
      27625045.193501826,
      27662317.703021564,
      27694642.74415358,
      27716183.07447185,
      27769788.11853793,
      27811886.18380204,
      27873351.18082188,
      27909953.387432862,
      28075624.83221314,
      28115486.011453822,
      28174001.862677295,
      28574162.504287567,
      28728309.814747594,
      28808089.072752442,
      28875882.74591987,
      29043278.8441678,
      29007492.722037446,
      29042689.813197248,
      29082087.86569319,
      29080953.187772423,
      29116274.8548072,
      29152006.568418458,
      29200583.856959008,
      29254627.87413954,
      29332213.02055709,
      29420108.905151933,
      29510873.035002735,
      29615764.224666297,
      29733026.788389143,
      29811993.657170683,
      29851093.942320965,
      29801643.361489337,
      29501175.55757976,
      23598787.60482951,
      23360142.298234265,
      22337970.507312953,
      2735975.3945139865
    ]
  },
  "metric_stddev": {
    "spectral_entropies": [
      0.018912819334913174,
      0.04049293299034239,
      0.041013128293305,
      0.04462134903520451,
      0.04662938071113637,
      0.05698020824073833,
      0.07350097619307944,
      0.07579036945065243,
      0.08070798208761233,
      0.08590003562211258,
      0.08766044977423128,
      0.09217008797014967,
      0.09960873317957172,
      0.10188562248100783,
      0.1010652440135387,
      0.10127102965795229,
      0.10003981884648612,
      0.10239690792592979,
      0.1041407248873406,
      0.10522475741807998,
      0.10571404524006901,
      0.1052470553452654,
      0.10496397472249074,
      0.1051490803815125,
      0.10573823531667176,
      0.10652371123208135,
      0.1070029101291837,
      0.10707702789422803,
      0.10819094906546337,
      0.10724277704664512,
      0.10819475593319582,
      0.10727071483273908,
      0.10677710195101897,
      0.10820204493580303,
      0.10875817678675015,
      0.10803026648840941,
      0.10875872858961079,
      0.10823131147610485,
      0.10765930297875075,
      0.10753032239234626,
      0.10826231389319343,
      0.10849606781474289,
      0.11007238107431072,
      0.10915144900802705,
      0.10805324152411434,
      0.10603090471741707,
      0.10586428717894034,
      0.1048582150245033,
      0.10507877752460358,
      0.10553979126459243,
      0.10496909187227071,
      0.1039616799330736,
      0.10394837110238019,
      0.10175574104068141,
      0.09961243686511212,
      0.09737183003657117,
      0.09497687869070223,
      0.09342406827253875,
      0.09188593237114577,
      0.09023734586593604,
      0.08843284377445926,
      0.08014766243662812,
      0.07713927960778451,
      0.06469664100555166,
      0.047750697002091044
    ],