{
  "model": "qwen2_5_3b_instruct_hint",
  "num_layers": 37,
  "metric_means": {
    "spectral_entropies": [
      4.643992925691605,
      4.8558046915054325,
      4.832552316951752,
      3.094745736861229,
      3.1328340504169465,
      3.2736474404096603,
      3.375125602388382,
      3.49782238202095,
      3.6025154566526414,
      3.7172345381975176,
      3.7936426510572434,
      3.8058807308197022,
      3.8570806833028795,
      3.8250321922779085,
      3.8758556575775147,
      3.8895245091438295,
      3.916481465005875,
      3.930496950340271,
      3.9424005795478823,
      3.971911812663078,
      4.008629086709022,
      3.9955378224372864,
      4.016833444476128,
      4.041666262865067,
      4.0914444137573245,
      4.15760630941391,
      4.2057809653759,
      4.2696275062561035,
      4.341979224109649,
      4.420796361637115,
      4.50916140756607,
      4.829411452770233,
      4.845328034162521,
      4.848925063705444,
      4.810318899869919,
      4.789904282426834,
      4.861856883668899
    ],
    "effective_ranks": [
      116.7231,
      170.5261,
      169.209,
      17.153,
      18.0884,
      22.1015,
      28.5794,
      38.3884,
      47.5781,
      59.881,
      67.9985,
      68.7862,
      73.9825,
      71.4131,
      75.5121,
      75.3837,
      77.8975,
      78.0338,
      78.5367,
      81.2796,
      85.3731,
      83.5305,
      85.4963,
      88.324,
      94.8983,
      105.4635,
      114.9846,
      128.4405,
      143.9499,
      158.3258,
      167.8933,
      178.5875,
      178.6269,
      178.6273,
      178.3449,
      178.0164,
      178.5624
    ],
    "trace_covariances": [
      0.9774782872378827,
      373.9633317077637,
      441.3680118255615,
      63960.14068710938,
      75476.49375195312,
      79071.41128632812,
      80132.04773828125,
      80732.305,
      81465.06633828125,
      82052.59175703124,
      82772.147778125,
      83181.82760234375,
      83678.54583203125,
      83551.37471640625,
      83774.619075,
      83895.39701953124,
      84107.683,
      86442.11628125,
      89135.7812671875,
      89363.59159453124,
      89756.4716375,
      89760.6703578125,
      89631.94290234376,
      89374.98102265625,
      89539.66385078125,
      89875.9662140625,
      89297.2199375,
      89465.83314296875,
      89182.3313078125,
      89077.58398359375,
      88256.18704453125,
      31131.88131425781,
      37378.348915625,
      44721.15378125,
      45751.13120117188,
      50716.780119921874,
      20453.64581660156
    ],
    "gradient_norms": [
      8363.84610305846,
      170317.1367552943,
      207680.40880455598,
      2051800.1662475932,
      2227830.750180522,
      2280689.054796884,
      2296823.9210506184,
      2306945.355108769,
      2318601.1922488944,
      2327700.5997632896,
      2337634.8652026844,
      2345135.198805021,
      2354825.542269655,
      2358962.93467361,
      2362875.0112644285,
      2366955.029799734,
      2367411.5696234247,
      2401141.3876591623,
      2437717.9833707763,
      2446617.123253919,
      2450667.725534288,
      2456852.468874084,
      2454879.700317448,
      2451422.2374655744,
      2453662.9062795164,
      2460650.7212675405,
      2458851.4385849917,
      2467795.0167436507,
      2477798.450355839,
      2493970.5175833344,
      2500333.0157738514,
      1662666.3841545344,
      1924762.3457320787,
      2213524.0489256396,
      2546526.474798706,
      2966848.950367931,
      1397681.452833645
    ]
  },
  "metric_stddev": {
    "spectral_entropies": [
      0.018247834381104316,
      0.046764227250028066,
      0.0498594592805228,
      0.08096559571940372,
      0.08722883053141392,
      0.09458379173750543,
      0.09595913687497679,
      0.09796860724187233,
      0.09678180729642488,
      0.09692906565699715,
      0.09430553057098168,
      0.09359393060024501,
      0.0922906934124007,
      0.09117872725519871,
      0.08967232831028513,
      0.08889831250509936,
      0.09068891997756955,
      0.09130809915825441,
      0.09305431430490142,
      0.09490902659808279,
      0.09562136900963251,
      0.09673281823969915,
      0.0962033473765941,
      0.09635020181345881,
      0.09461122166766688,
      0.09052937623211987,
      0.09031197381993435,
      0.08893157830878978,
      0.08465118601331942,
      0.08060183999803743,
      0.07665619987646702,
      0.06609974294521047,
      0.06485989826033091,
      0.06527095702189269,
      0.06465649955645399,
      0.062244858843059095,
      0.05081867245513689
    ],
    "effective_ranks": [
      2.621280889441302,
      9.524084712399567,
      9.109578335013358,
      1.1387364366116925,
      1.0836525597657367,
      1.5893553268652816,
      1.8444608544461603,
      1.9757367723407904,
      2.6099773156406156,
      2.8171319854175794,
      2.992957321672438,
      3.0990724394565348,
      3.3310213629353354,
      3.4513822729391253,
      3.160957569356873,
      3.2913762510176547,
      3.495198905862188,
      3.4773936772643306,
      3.588111002192582,
      3.7604305503217503,
      3.918039240889315,
      3.9449747822518417,
      4.0789520829508135,
      4.074810965976314,
      4.112766537849694,
      4.261347634066549,
      4.721354885962017,
      4.929329526310501,
      5.143212542129962,
      6.129225978956067,
      8.555292771930617,
      13.093200026681838,
      13.172814759757452,
      13.180226346564542,
      12.710180913735034,
      12.19357205087707,
      13.03777989576667
    ],
    "trace_covariances": [
      0.011523028440201618,
      11.597513787157457,
      13.469467242091152,
      4517.426689670651,
      5330.1421599026235,
      5577.145730936446,
      5642.985762328265,
      5673.25752152612,
      5709.982691740723,
      5729.205643445613,
      5767.266406764553,
      5791.099650173741,
      5808.640624959264,
      5804.943960946967,
      5805.623899061603,
      5802.050005887493,
      5803.278724580918,
      5963.815374417182,
      6135.5346092281425,
      6130.614972737519,
      6148.748397177701,
      6132.9513081551995,
      6121.11290300278,
      6093.6389445955365,
      6089.700770194438,
      6093.206979078903,
      6009.472456031446,
      5960.984145842143,
      5878.917573959232,
      5755.855693899019,
      5581.889811610281,
      4043.03330708639,
      4046.562380344136,
      4029.85871381573,
      3617.7541727073462,
      2812.816440792911,
      551.0703221019156
    ],
    "gradient_norms": [
      642.6104160730866,
      10703.721574757546,
      13183.834832149512,
      76917.58372043811,
      83556.84851963756,
      85743.1553123142,
      86521.0186881434,
      87144.38299815117,
      87784.88155252769,
      88462.99949297757,
      88910.81098244611,
      89308.46686787029,
      89916.50040287006,
      90615.66706654573,
      90821.76087136532,
      91476.24583416653,
      91599.86699798769,
      93383.51115401827,
      94699.75889725736,
      96180.61654136266,
      96653.66706846403,
      97189.176984343,
      97002.44374343472,
      97011.17702568523,
      97392.76432249522,
      98491.60275924382,
      99306.33650677833,
      101607.22279683729,
      103016.6663781561,
      107237.89399315818,
      111185.4217844795,
      133793.52434835516,
      147149.99571299445,
      162040.49095702003,
      182952.68407543746,
      225042.77712327545,
      96014.31146892073
    ]
  },
  "metric_sample_counts": {
    "spectral_entropies": 10000,
    "effective_ranks": 10000,
    "trace_covariances": 10000,
    "gradient_norms": 10000
  }
}