{
  "model": "qwen2_5_32b_instruct",
  "num_layers": 65,
  "metric_means": {
    "spectral_entropies": [
      4.189349433374405,
      4.231704165077209,
      4.19517059378624,
      4.239920650863647,
      4.27907194275856,
      4.113440683722496,
      1.35944469050169,
      1.3439053898572921,
      1.408134972524643,
      1.4828015442728997,
      1.602021551311016,
      1.6882578566431998,
      1.779324525141716,
      1.8488464111685752,
      1.8887529222249986,
      1.934455006992817,
      1.9601604368686676,
      1.9884444091320037,
      2.015122666943073,
      2.0391821764707565,
      2.062907407450676,
      2.091028343594074,
      2.1117827860832215,
      2.133850600016117,
      2.1293855153918266,
      2.1531807305693627,
      2.1849686501741408,
      2.218143467116356,
      2.2537338988542555,
      2.266877300429344,
      2.281652728700638,
      2.2938520875453947,
      2.31583850069046,
      2.3047853585243225,
      2.307107081055641,
      2.321911139011383,
      2.321639814090729,
      2.3250681161642075,
      2.3297588069677353,
      2.3207868999004364,
      2.3166033704042435,
      2.33449207303524,
      2.358244350171089,
      2.3774682966470717,
      2.429932385325432,
      2.4618256732463837,
      2.508197770190239,
      2.5694418274879456,
      2.654378883099556,
      2.7446844799995422,
      2.849065021133423,
      2.9421404868364336,
      3.031691572546959,
      3.1263299083709715,
      3.2159304015159607,
      3.292710162782669,
      3.367783492231369,
      3.4387662225961684,
      3.5063520021677017,
      3.5728012437820436,
      3.6622799371957777,
      3.932832485175133,
      4.028757698273659,
      4.217586052274704,
      4.358250817632675
    ],
    "effective_ranks": [
      70.0901,
      94.3284,
      93.9825,
      97.7783,
      99.3313,
      98.18,
      3.0,
      3.0,
      3.0,
      3.0,
      3.0461,
      4.0874,
      4.2256,
      4.4226,
      5.0094,
      5.7868,
      6.0356,
      6.1279,
      6.2333,
      6.328,
      6.4651,
      7.313,
      7.601,
      8.1363,
      8.0821,
      8.8809,
      9.497,
      9.8524,
      10.4044,
      10.5935,
      10.5995,
      11.239,
      11.3835,
      11.2927,
      11.1334,
      11.1432,
      10.9877,
      10.9569,
      11.1813,
      10.6695,
      10.5543,
      11.1746,
      11.4148,
      11.5322,
      12.8142,
      13.448,
      14.7501,
      16.0915,
      18.8767,
      22.6922,
      28.5038,
      34.6798,
      41.6701,
      51.7326,
      61.7238,
      70.783,
      79.2518,
      86.3985,
      91.0256,
      95.6704,
      98.4853,
      101.3192,
      101.609,
      101.7836,
      101.7864
    ],
    "trace_covariances": [
      2.3736142966270446,
      794.1014579895019,
      891.3395870544433,
      1259.6693194580077,
      2059.173870324707,
      9540.63036665039,
      6049121.41825,
      7574494.2639,
      7602155.21805,
      7651778.412,
      7669275.76015,
      7789923.0712,
      7800329.3966,
      7845124.192,
      7870036.56745,
      7905059.0006,
      7942978.8749,
      7974850.5763,
      7998003.2662,
      8006701.62045,
      8040417.39325,
      8066584.74545,
      8073072.27495,
      8112436.28455,
      8135289.60045,
      8145606.56775,
      8155117.70765,
      8165478.21585,
      8188178.16105,
      8211550.37835,
      8231537.73255,
      8243496.1925,
      8269320.23155,
      8293316.0623,
      8325953.4301,
      8345748.24675,
      8443629.1312,
      8466382.7695,
      8498926.5705,
      8737716.27785,
      8821971.487,
      8866933.7513,
      8912168.74605,
      9017670.0153,
      8991239.53815,
      8997421.09395,
      9015959.81965,
      9011951.30735,
      9013445.84435,
      9018889.8637,
      9024690.61125,
      9025266.371,
      9026323.81665,
      9031006.0781,
      9020040.98525,
      9018109.16815,
      8992845.14,
      8928809.21455,
      8841695.8651,
      8728964.4708,
      8341294.55055,
      4720599.884325,
      4069635.83585,
      1656561.7173125,
      32528.210077734377
    ],
    "gradient_norms": [
      11534.224381925349,
      290347.0652906282,
      340196.2693479255,
      385156.53680079227,
      462845.2643761905,
      810699.0776235487,
      17855514.32210203,
      19977506.303294897,
      20016975.604768794,
      20087200.645400412,
      20119122.492005065,
      20289752.170414686,
      20305097.340034183,
      20360148.93080466,
      20390511.243805725,
      20433022.72346367,
      20478728.07725137,
      20515450.89006469,
      20543219.291357856,
      20553266.26499377,
      20594173.82548161,
      20626255.2050847,
      20633695.29718816,
      20683890.29300876,
      20713518.50570214,
      20725410.88098807,
      20737092.42823815,
      20750239.82760226,
      20778145.39370518,
      20805345.761830784,
      20828765.64982179,
      20844087.681577135,
      20881817.14728017,
      20914003.348895606,
      20960307.92271375,
      20986615.40420506,
      21109891.387711745,
      21140231.38129063,
      21182836.84873138,
      21484734.502120283,
      21599104.849001568,
      21656986.309529345,
      21708227.262723796,
      21832550.22508599,
      21801745.649656113,
      21820837.23062742,
      21844941.052006077,
      21838169.152058117,
      21852994.315131646,
      21868094.26553355,
      21887864.404563516,
      21908361.173494477,
      21941429.568098538,
      21972736.06185347,
      21990709.918413326,
      22018064.350663688,
      22038373.115179267,
      22021463.15964087,
      21977981.690693475,
      21872015.641522996,
      21508178.01189848,
      16614134.4929139,
      15938188.519503228,
      13118118.262378668,
      1442908.1242919923
    ]
  },
  "metric_stddev": {
    "spectral_entropies": [
      0.04647289002445864,
      0.07626752278645393,
      0.07661816177406151,
      0.08115999012309577,
      0.08345956440945865,
      0.10389292442302923,
      0.09538900962693043,
      0.09751632407408588,
      0.1046005196222104,
      0.11224744405933093,
      0.11698600271484509,
      0.12466824760228824,
      0.1366459468403145,
      0.14100424430628314,
      0.1409689306846423,
      0.14243793023781182,
      0.14153526070889416,
      0.14554230447658587,
      0.14847327087190768,
      0.15067091210298175,
      0.15203061625899894,
      0.15221352635912733,
      0.15236252303467201,
      0.15352373023158464,
      0.15479259633315157,
      0.15640299068731445,
      0.15774108836359382,
      0.1585538078863616,
      0.16095193560335785,
      0.15990836046716475,
      0.1617533455104048,
      0.1609449228167538,
      0.1619239676753887,
      0.1640263510865721,
      0.16513457343441343,
      0.16552001087988275,
      0.1677062934102343,
      0.16700125413650552,
      0.16615013798801237,
      0.16553840797043645,
      0.16665365721620687,
      0.1679106548702876,
      0.17012050202611317,
      0.17009525021950803,
      0.17014519675521161,
      0.16919178954608954,
      0.1712562081791389,
      0.1709755156736881,
      0.1743817881598604,
      0.17825699529497996,
      0.17953889086159014,
      0.18035822829719017,
      0.18247340393615397,
      0.18066994262561384,
      0.17958078618466933,
      0.17707880388294703,
      0.17407614915446792,
      0.17211536553053633,
      0.16994945165611663,
      0.16790525588675073,
      0.1650738284644758,
      0.15091040111197895,
      0.14390666465043825,
      0.11840413623930243,
      0.08900166893203416
    ],