{
  "model": "qwen2_5_3b_instruct",
  "num_layers": 37,
  "metric_means": {
    "spectral_entropies": [
      4.163385331201553,
      4.316609311103821,
      4.283632335472107,
      2.2543350295305253,
      2.277608206439018,
      2.402997470998764,
      2.504714712929726,
      2.6325725196361542,
      2.7417938643455506,
      2.8520736992120743,
      2.918819980430603,
      2.9415215546369553,
      3.00946799390316,
      2.992724462389946,
      3.043762465381622,
      3.059754279589653,
      3.086852090549469,
      3.0933411340475083,
      3.102935041999817,
      3.1344923750400544,
      3.159209312462807,
      3.1526736877918244,
      3.17965817091465,
      3.2042574840784073,
      3.2475017636060715,
      3.3116438300848006,
      3.3710609105110168,
      3.445117659497261,
      3.535360508108139,
      3.6390906229019166,
      3.7584263827085493,
      4.157371582484245,
      4.203374355793,
      4.228651012277603,
      4.214096068811417,
      4.220261277627945,
      4.370732412576675
    ],
    "effective_ranks": [
      72.0901,
      99.6095,
      98.3938,
      10.2114,
      10.1198,
      13.3745,
      17.32,
      23.0471,
      29.4689,
      37.8843,
      41.1224,
      42.3399,
      46.062,
      45.4874,
      48.1399,
      48.0327,
      49.419,
      48.8828,
      49.2058,
      51.0326,
      53.0916,
      52.2322,
      54.0578,
      56.0468,
      58.9354,
      65.292,
      71.2075,
      79.0984,
      87.4002,
      94.3205,
      97.7639,
      101.5322,
      101.6364,
      101.6564,
      101.5768,
      101.5461,
      101.7672
    ],
    "trace_covariances": [
      0.9585241195142269,
      401.0360148040771,
      488.0066904449463,
      112712.9066453125,
      133011.84779765626,
      139261.4472625,
      141059.67399375,
      142000.98345859375,
      143162.86135703124,
      143956.277684375,
      144989.1073578125,
      145656.11908671874,
      146263.22919921874,
      146091.91736328125,
      146326.74138046874,
      146443.05858125,
      146699.352759375,
      150664.2219875,
      155415.74265390626,
      155637.06121484374,
      156246.6891140625,
      156174.553865625,
      155889.01746875,
      155460.190459375,
      155526.45323359375,
      155638.56971796876,
      154361.74517421875,
      153850.95251875,
      152667.68296875,
      151245.1185578125,
      148234.62158203125,
      54707.68597617187,
      60750.8285234375,
      68679.287565625,
      66868.33912578125,
      67218.20076054687,
      21666.1022203125
    ],
    "gradient_norms": [
      4755.082258158362,
      99658.40739935588,
      122731.28351246093,
      1542657.1962569482,
      1675003.1746293094,
      1714083.34604126,
      1725507.1142072284,
      1732127.1185064155,
      1739720.4858981457,
      1744784.853479735,
      1751116.4128681866,
      1756195.1625918357,
      1761620.4674507508,
      1763310.461189827,
      1765284.3704289303,
      1767458.478110413,
      1768046.484669278,
      1793440.5240223033,
      1820278.3930512473,
      1825294.2573817912,
      1827489.0940917667,
      1831428.9270707688,
      1829963.0635413758,
      1826426.493668159,
      1826305.5655432853,
      1828133.6420954822,
      1823820.4977475712,
      1827443.5274111454,
      1824438.7242265095,
      1821777.1475340817,
      1812080.4725559081,
      1202592.1989067046,
      1318928.8684343484,
      1462006.8242353362,
      1603106.2100302873,
      1768045.2242143454,
      764276.9670058967
    ]
  },
  "metric_stddev": {
    "spectral_entropies": [
      0.04385140992359997,
      0.08627870651260643,
      0.0905788391997716,
      0.12616129211294738,
      0.13548879701082175,
      0.14865667853490322,
      0.15240724545151024,
      0.1574196653018467,
      0.15805425461937056,
      0.16159807120752445,
      0.15930111739995628,
      0.15800428067462619,
      0.15600464266455075,
      0.1545058294842449,
      0.15360042723739314,
      0.153485237806955,
      0.15696389785096523,
      0.15859574379563363,
      0.1617599050968896,
      0.1661317651870936,
      0.16909858296246386,
      0.17156264665058094,
      0.17089255305980325,
      0.17096862552321707,
      0.17034836907377496,
      0.1660498506845378,
      0.1671434987295652,
      0.16641992877820808,
      0.16064941198126031,
      0.1544588526435214,
      0.14723177056179146,
      0.10165164636095876,
      0.10315588706451659,
      0.10576028745198898,
      0.10544408194061486,
      0.10305913083938648,
      0.09015814471452688
    ],
    "effective_ranks": [
      3.716283501874658,
      10.541637556008252,
      10.320589761118628,
      0.9906604770647042,
      1.0166372583824834,
      1.340682472828282,
      1.7969203911940046,
      2.2236852447249142,
      2.536193213775466,
      2.828411833759361,
      3.0514175975991034,
      3.3185342030671907,
      3.5812062917194,
      3.628023910581378,
      3.4860211164482893,
      3.5870485641735854,
      3.851145561026473,
      3.936827913612951,
      4.068181580280879,
      4.278594147239126,
      4.184944541577461,
      4.491870529087422,
      4.3804084236285785,
      4.445827965478508,
      5.059030165814471,
      5.229825150720796,
      5.6461519332342345,
      6.299657610426346,
      6.626328605123722,
      7.560958706384405,
      9.379869667830647,
      13.030231841919534,
      13.197469922724503,
      13.234389065816046,
      13.083280130835108,
      13.028278796327863,
      13.427800815600966
    ],
    "trace_covariances": [
      0.021377650987508906,
      22.483041251952734,
      28.678396096662933,
      13500.05240581454,
      15935.377427119258,
      16675.479442792508,
      16875.91105985536,
      16968.077775098223,
      17079.025344190522,
      17136.407184706073,
      17235.19871799693,
      17305.936531565076,
      17344.583555484507,
      17341.095746041974,
      17336.292730373098,
      17334.110028732932,
      17340.119264622826,
      17812.93311745947,
      18347.518045508576,
      18348.26932119176,
      18414.512652931866,
      18363.796351507284,
      18319.604434895842,
      18257.976571916068,
      18240.848085722126,
      18213.970033057736,
      17985.726402621396,
      17824.53164048955,
      17546.57560327079,
      17198.615017274828,
      16631.572081887636,
      5718.715645317231,
      5808.840430709555,
      5941.39817231588,
      5533.28559420129,
      4568.022780684034,
      884.3985514793859
    ],
    "gradient_norms": [
      642.6265840971042,
      10877.514640948215,
      13384.93979611874,
      100499.42086427791,
      109150.48617120538,
      111851.81150201955,
      112729.41577922936,
      113352.69590379966,
      114005.81413211736,
      114596.7940537949,
      115073.51795837207,
      115497.20810439697,
      116059.32238147207,
      116546.95027981537,
      116730.03547166189,
      117228.6876635049,
      117355.19055141439,
      119408.05926912196,
      121109.77103282812,
      122305.13152738153,
      122697.98582298675,
      123279.56400660147,
      123152.77901786682,
      122921.5227299102,
      123077.6109148641,
      123909.67841237663,
      124368.590297655,
      126256.35278734729,
      126795.02546552704,
      129229.43047325948,
      131348.9367121105,
      167222.23881796314,
      180212.81687772594,
      194146.62507246234,
      210251.31502583608,
      240907.49260850315,
      95615.99229790596
    ]
  },
  "metric_sample_counts": {
    "spectral_entropies": 10000,
    "effective_ranks": 10000,
    "trace_covariances": 10000,
    "gradient_norms": 10000
  }
}