{
  "model1": {
    "digits_paraphrase": {
      "acc_per_layer": {
        "1": 0.882,
        "2": 0.692,
        "3": 0.76,
        "4": 0.91,
        "5": 0.93,
        "6": 0.88,
        "7": 0.966,
        "8": 0.928,
        "9": 0.936,
        "10": 0.804,
        "11": 0.746,
        "12": 0.69,
        "13": 0.74,
        "14": 0.566,
        "15": 0.79,
        "16": 0.846,
        "17": 0.878,
        "18": 0.87,
        "19": 0.888,
        "20": 0.9,
        "21": 0.876,
        "22": 0.844,
        "23": 0.99,
        "24": 0.98,
        "25": 0.916,
        "26": 0.924,
        "27": 0.97,
        "28": 0.71
      },
      "best_layer": 23,
      "err_by_dist": {
        "0": [
          0.00411522633744856,
          243
        ],
        "1": [
          0.01556420233463035,
          257
        ]
      },
      "err_by_dir": {
        "-1": [
          0.01556420233463035,
          257
        ],
        "0": [
          0.00411522633744856,
          243
        ],
        "1": [
          NaN,
          0
        ]
      }
    },
    "words": {
      "acc_per_layer": {
        "1": 0.526,
        "2": 0.558,
        "3": 0.474,
        "4": 0.474,
        "5": 0.474,
        "6": 0.474,
        "7": 0.474,
        "8": 0.462,
        "9": 0.51,
        "10": 0.48,
        "11": 0.448,
        "12": 0.526,
        "13": 0.532,
        "14": 0.518,
        "15": 0.56,
        "16": 0.534,
        "17": 0.53,
        "18": 0.526,
        "19": 0.526,
        "20": 0.5,
        "21": 0.526,
        "22": 0.53,
        "23": 0.522,
        "24": 0.542,
        "25": 0.522,
        "26": 0.524,
        "27": 0.566,
        "28": 0.506
      },
      "best_layer": 27,
      "err_by_dist": {
        "0": [
          0.18250950570342206,
          263
        ],
        "1": [
          0.7130801687763713,
          237
        ]
      },
      "err_by_dir": {
        "-1": [
          0.7130801687763713,
          237
        ],
        "0": [
          0.18250950570342206,
          263
        ],
        "1": [
          NaN,
          0
        ]
      }
    }
  }
}