{
  "model1": {
    "digits_paraphrase": {
      "acc_per_layer": {
        "1": 0.9186666666666666,
        "2": 0.9673333333333334,
        "3": 0.9813333333333333,
        "4": 0.9553333333333334,
        "5": 0.9746666666666667,
        "6": 0.9873333333333333,
        "7": 0.9833333333333333,
        "8": 0.9913333333333333,
        "9": 0.9913333333333333,
        "10": 0.9393333333333334,
        "11": 0.9906666666666667,
        "12": 0.9246666666666666,
        "13": 0.9206666666666666,
        "14": 0.97,
        "15": 0.99,
        "16": 0.9733333333333334,
        "17": 0.974,
        "18": 0.8773333333333333,
        "19": 0.946,
        "20": 0.858,
        "21": 0.9426666666666667,
        "22": 0.9773333333333334,
        "23": 0.94,
        "24": 0.9233333333333333,
        "25": 0.96,
        "26": 0.9433333333333334,
        "27": 0.9393333333333334,
        "28": 0.846,
        "29": 0.9493333333333334,
        "30": 0.8026666666666666,
        "31": 0.8933333333333333,
        "32": 0.874,
        "33": 0.92,
        "34": 0.9326666666666666,
        "35": 0.7126666666666667,
        "36": 0.944,
        "37": 0.8033333333333333,
        "38": 0.8433333333333334,
        "39": 0.902,
        "40": 0.89,
        "41": 0.904,
        "42": 0.8713333333333333,
        "43": 0.842,
        "44": 0.786,
        "45": 0.7393333333333333,
        "46": 0.8033333333333333,
        "47": 0.7166666666666667,
        "48": 0.7613333333333333,
        "49": 0.75,
        "50": 0.7566666666666667,
        "51": 0.7113333333333334,
        "52": 0.6426666666666667,
        "53": 0.6946666666666667,
        "54": 0.718,
        "55": 0.6533333333333333,
        "56": 0.736,
        "57": 0.7806666666666666,
        "58": 0.7573333333333333,
        "59": 0.7073333333333334,
        "60": 0.7073333333333334,
        "61": 0.7453333333333333,
        "62": 0.6513333333333333,
        "63": 0.6506666666666666,
        "64": 0.648
      },
      "best_layer": 8,
      "err_by_dist": {
        "0": [
          0.0,
          279
        ],
        "1": [
          0.012965964343598054,
          617
        ],
        "2": [
          0.008278145695364239,
          604
        ]
      },
      "err_by_dir": {
        "-1": [
          0.011128775834658187,
          629
        ],
        "0": [
          0.0,
          279
        ],
        "1": [
          0.010135135135135136,
          592
        ]
      }
    },
    "words": {
      "acc_per_layer": {
        "1": 0.6893333333333334,
        "2": 0.5786666666666667,
        "3": 0.6053333333333333,
        "4": 0.752,
        "5": 0.6953333333333334,
        "6": 0.646,
        "7": 0.6506666666666666,
        "8": 0.7233333333333334,
        "9": 0.676,
        "10": 0.7606666666666667,
        "11": 0.7553333333333333,
        "12": 0.7493333333333333,
        "13": 0.73,
        "14": 0.584,
        "15": 0.656,
        "16": 0.7733333333333333,
        "17": 0.742,
        "18": 0.7446666666666667,
        "19": 0.722,
        "20": 0.7933333333333333,
        "21": 0.742,
        "22": 0.7586666666666667,
        "23": 0.738,
        "24": 0.67,
        "25": 0.7093333333333334,
        "26": 0.722,
        "27": 0.65,
        "28": 0.6326666666666667,
        "29": 0.7666666666666667,
        "30": 0.61,
        "31": 0.702,
        "32": 0.722,
        "33": 0.7086666666666667,
        "34": 0.7293333333333333,
        "35": 0.6586666666666666,
        "36": 0.6646666666666666,
        "37": 0.6653333333333333,
        "38": 0.6933333333333334,
        "39": 0.728,
        "40": 0.7373333333333333,
        "41": 0.7133333333333334,
        "42": 0.7593333333333333,
        "43": 0.7773333333333333,
        "44": 0.7646666666666667,
        "45": 0.7353333333333333,
        "46": 0.7686666666666667,
        "47": 0.7566666666666667,
        "48": 0.7473333333333333,
        "49": 0.6866666666666666,
        "50": 0.6506666666666666,
        "51": 0.6133333333333333,
        "52": 0.744,
        "53": 0.702,
        "54": 0.622,
        "55": 0.7533333333333333,
        "56": 0.5993333333333334,
        "57": 0.706,
        "58": 0.612,
        "59": 0.7073333333333334,
        "60": 0.7386666666666667,
        "61": 0.6433333333333333,
        "62": 0.68,
        "63": 0.534,
        "64": 0.722
      },
      "best_layer": 20,
      "err_by_dist": {
        "0": [
          0.11228070175438597,
          285
        ],
        "1": [
          0.1109350237717908,
          631
        ],
        "2": [
          0.3561643835616438,
          584
        ]
      },
      "err_by_dir": {
        "-1": [
          0.2278688524590164,
          610
        ],
        "0": [
          0.11228070175438597,
          285
        ],
        "1": [
          0.22975206611570248,
          605
        ]
      }
    }
  }
}