{
  "model1": {
    "digits_paraphrase": {
      "acc_per_layer": {
        "1": 0.8033333333333333,
        "2": 0.8433333333333334,
        "3": 0.932,
        "4": 0.9733333333333334,
        "5": 0.946,
        "6": 0.974,
        "7": 0.8926666666666667,
        "8": 0.9226666666666666,
        "9": 0.954,
        "10": 0.9753333333333334,
        "11": 0.8673333333333333,
        "12": 0.8513333333333334,
        "13": 0.9293333333333333,
        "14": 0.9246666666666666,
        "15": 0.9453333333333334,
        "16": 0.8933333333333333,
        "17": 0.8813333333333333,
        "18": 0.9193333333333333,
        "19": 0.9186666666666666,
        "20": 0.8953333333333333,
        "21": 0.8693333333333333,
        "22": 0.7146666666666667,
        "23": 0.8153333333333334,
        "24": 0.8226666666666667,
        "25": 0.76,
        "26": 0.7226666666666667,
        "27": 0.7746666666666666,
        "28": 0.67,
        "29": 0.7186666666666667,
        "30": 0.6386666666666667,
        "31": 0.7526666666666667,
        "32": 0.7766666666666666,
        "33": 0.8073333333333333,
        "34": 0.792,
        "35": 0.784,
        "36": 0.7513333333333333,
        "37": 0.6726666666666666,
        "38": 0.7706666666666667,
        "39": 0.736,
        "40": 0.686,
        "41": 0.6853333333333333,
        "42": 0.6393333333333333,
        "43": 0.7413333333333333,
        "44": 0.674,
        "45": 0.748,
        "46": 0.6806666666666666,
        "47": 0.874,
        "48": 0.8766666666666667,
        "49": 0.8146666666666667,
        "50": 0.7813333333333333,
        "51": 0.7866666666666666,
        "52": 0.832,
        "53": 0.83,
        "54": 0.812,
        "55": 0.75,
        "56": 0.852,
        "57": 0.826,
        "58": 0.8586666666666667,
        "59": 0.8066666666666666,
        "60": 0.8113333333333334,
        "61": 0.8153333333333334,
        "62": 0.7233333333333334,
        "63": 0.766,
        "64": 0.7233333333333334,
        "65": 0.7246666666666667,
        "66": 0.73,
        "67": 0.7186666666666667,
        "68": 0.6286666666666667,
        "69": 0.7,
        "70": 0.604,
        "71": 0.5973333333333334,
        "72": 0.5973333333333334
      },
      "best_layer": 10,
      "err_by_dist": {
        "0": [
          0.043010752688172046,
          279
        ],
        "1": [
          0.03565640194489465,
          617
        ],
        "2": [
          0.004966887417218543,
          604
        ]
      },
      "err_by_dir": {
        "-1": [
          0.01589825119236884,
          629
        ],
        "0": [
          0.043010752688172046,
          279
        ],
        "1": [
          0.02533783783783784,
          592
        ]
      }
    },
    "words": {
      "acc_per_layer": {
        "1": 0.5966666666666667,
        "2": 0.5586666666666666,
        "3": 0.714,
        "4": 0.6986666666666667,
        "5": 0.6646666666666666,
        "6": 0.6506666666666666,
        "7": 0.6493333333333333,
        "8": 0.6566666666666666,
        "9": 0.6546666666666666,
        "10": 0.672,
        "11": 0.6546666666666666,
        "12": 0.686,
        "13": 0.6993333333333334,
        "14": 0.684,
        "15": 0.676,
        "16": 0.6706666666666666,
        "17": 0.688,
        "18": 0.7073333333333334,
        "19": 0.7086666666666667,
        "20": 0.672,
        "21": 0.6713333333333333,
        "22": 0.6886666666666666,
        "23": 0.666,
        "24": 0.6886666666666666,
        "25": 0.6386666666666667,
        "26": 0.6733333333333333,
        "27": 0.6713333333333333,
        "28": 0.6846666666666666,
        "29": 0.6353333333333333,
        "30": 0.7166666666666667,
        "31": 0.6466666666666666,
        "32": 0.6266666666666667,
        "33": 0.6446666666666667,
        "34": 0.6806666666666666,
        "35": 0.6926666666666667,
        "36": 0.7046666666666667,
        "37": 0.6993333333333334,
        "38": 0.528,
        "39": 0.5986666666666667,
        "40": 0.7066666666666667,
        "41": 0.6066666666666667,
        "42": 0.6593333333333333,
        "43": 0.58,
        "44": 0.6833333333333333,
        "45": 0.5713333333333334,
        "46": 0.5753333333333334,
        "47": 0.6566666666666666,
        "48": 0.6273333333333333,
        "49": 0.572,
        "50": 0.6406666666666667,
        "51": 0.5033333333333333,
        "52": 0.6406666666666667,
        "53": 0.644,
        "54": 0.6353333333333333,
        "55": 0.7233333333333334,
        "56": 0.5846666666666667,
        "57": 0.5993333333333334,
        "58": 0.64,
        "59": 0.666,
        "60": 0.6566666666666666,
        "61": 0.6633333333333333,
        "62": 0.6346666666666667,
        "63": 0.6433333333333333,
        "64": 0.642,
        "65": 0.6186666666666667,
        "66": 0.6573333333333333,
        "67": 0.544,
        "68": 0.6573333333333333,
        "69": 0.5986666666666667,
        "70": 0.618,
        "71": 0.55,
        "72": 0.6106666666666667
      },
      "best_layer": 55,
      "err_by_dist": {
        "0": [
          0.0912280701754386,
          285
        ],
        "1": [
          0.09033280507131537,
          631
        ],
        "2": [
          0.5684931506849316,
          584
        ]
      },
      "err_by_dir": {
        "-1": [
          0.30655737704918035,
          610
        ],
        "0": [
          0.0912280701754386,
          285
        ],
        "1": [
          0.3338842975206612,
          605
        ]
      }
    }
  }
}