{
  "model1": {
    "digits_paraphrase": {
      "acc_per_layer": {
        "1": 0.956,
        "2": 0.872,
        "3": 0.97,
        "4": 0.936,
        "5": 0.9693333333333334,
        "6": 0.996,
        "7": 0.9373333333333334,
        "8": 0.924,
        "9": 0.938,
        "10": 0.7006666666666667,
        "11": 0.874,
        "12": 0.8213333333333334,
        "13": 0.812,
        "14": 0.7933333333333333,
        "15": 0.71,
        "16": 0.564,
        "17": 0.5033333333333333,
        "18": 0.658,
        "19": 0.7333333333333333,
        "20": 0.8086666666666666,
        "21": 0.44,
        "22": 0.5413333333333333,
        "23": 0.658,
        "24": 0.7493333333333333,
        "25": 0.7026666666666667,
        "26": 0.728,
        "27": 0.682,
        "28": 0.56,
        "29": 0.422,
        "30": 0.448,
        "31": 0.408,
        "32": 0.6013333333333334,
        "33": 0.7153333333333334,
        "34": 0.534,
        "35": 0.41133333333333333,
        "36": 0.602
      },
      "best_layer": 6,
      "err_by_dist": {
        "0": [
          0.0,
          279
        ],
        "1": [
          0.008103727714748784,
          617
        ],
        "2": [
          0.0016556291390728477,
          604
        ]
      },
      "err_by_dir": {
        "-1": [
          0.0047694753577106515,
          629
        ],
        "0": [
          0.0,
          279
        ],
        "1": [
          0.005067567567567568,
          592
        ]
      }
    },
    "words": {
      "acc_per_layer": {
        "1": 0.48733333333333334,
        "2": 0.38066666666666665,
        "3": 0.5773333333333334,
        "4": 0.6106666666666667,
        "5": 0.6093333333333333,
        "6": 0.606,
        "7": 0.6106666666666667,
        "8": 0.576,
        "9": 0.488,
        "10": 0.6106666666666667,
        "11": 0.5033333333333333,
        "12": 0.492,
        "13": 0.5653333333333334,
        "14": 0.48333333333333334,
        "15": 0.576,
        "16": 0.514,
        "17": 0.44,
        "18": 0.432,
        "19": 0.44066666666666665,
        "20": 0.398,
        "21": 0.472,
        "22": 0.504,
        "23": 0.5066666666666667,
        "24": 0.548,
        "25": 0.5713333333333334,
        "26": 0.5246666666666666,
        "27": 0.5326666666666666,
        "28": 0.49,
        "29": 0.4613333333333333,
        "30": 0.4826666666666667,
        "31": 0.436,
        "32": 0.4786666666666667,
        "33": 0.4786666666666667,
        "34": 0.47,
        "35": 0.43466666666666665,
        "36": 0.5406666666666666
      },
      "best_layer": 4,
      "err_by_dist": {
        "0": [
          0.0,
          285
        ],
        "1": [
          0.0,
          631
        ],
        "2": [
          1.0,
          584
        ]
      },
      "err_by_dir": {
        "-1": [
          0.4737704918032787,
          610
        ],
        "0": [
          0.0,
          285
        ],
        "1": [
          0.48760330578512395,
          605
        ]
      }
    }
  }
}