{
  "model1": {
    "digits_paraphrase": {
      "acc_per_layer": {
        "1": 0.792,
        "2": 0.872,
        "3": 0.966,
        "4": 0.698,
        "5": 0.942,
        "6": 0.864,
        "7": 0.854,
        "8": 0.874,
        "9": 0.884,
        "10": 0.806,
        "11": 0.77,
        "12": 0.73,
        "13": 0.58,
        "14": 0.608,
        "15": 0.828,
        "16": 0.514,
        "17": 0.736,
        "18": 0.742,
        "19": 0.722,
        "20": 0.572,
        "21": 0.53,
        "22": 0.83,
        "23": 0.914,
        "24": 0.972,
        "25": 0.972,
        "26": 0.962,
        "27": 0.77,
        "28": 0.714
      },
      "best_layer": 24,
      "err_by_dist": {
        "0": [
          0.021052631578947368,
          95
        ],
        "1": [
          0.04807692307692308,
          208
        ],
        "2": [
          0.01015228426395939,
          197
        ]
      },
      "err_by_dir": {
        "-1": [
          0.030456852791878174,
          197
        ],
        "0": [
          0.021052631578947368,
          95
        ],
        "1": [
          0.028846153846153848,
          208
        ]
      }
    },
    "words": {
      "acc_per_layer": {
        "1": 0.618,
        "2": 0.618,
        "3": 0.382,
        "4": 0.382,
        "5": 0.382,
        "6": 0.552,
        "7": 0.586,
        "8": 0.52,
        "9": 0.404,
        "10": 0.382,
        "11": 0.41,
        "12": 0.414,
        "13": 0.438,
        "14": 0.416,
        "15": 0.388,
        "16": 0.382,
        "17": 0.378,
        "18": 0.382,
        "19": 0.386,
        "20": 0.402,
        "21": 0.414,
        "22": 0.538,
        "23": 0.576,
        "24": 0.578,
        "25": 0.616,
        "26": 0.524,
        "27": 0.448,
        "28": 0.546
      },
      "best_layer": 1,
      "err_by_dist": {
        "0": [
          0.0,
          98
        ],
        "1": [
          0.0,
          211
        ],
        "2": [
          1.0,
          191
        ]
      },
      "err_by_dir": {
        "-1": [
          0.4873096446700508,
          197
        ],
        "0": [
          0.0,
          98
        ],
        "1": [
          0.4634146341463415,
          205
        ]
      }
    }
  }
}