{
  "model1": {
    "digits_paraphrase": {
      "acc_per_layer": {
        "1": 0.706,
        "2": 0.768,
        "3": 0.758,
        "4": 0.734,
        "5": 0.8,
        "6": 0.732,
        "7": 0.854,
        "8": 0.884,
        "9": 0.754,
        "10": 0.706,
        "11": 0.736,
        "12": 0.626,
        "13": 0.634,
        "14": 0.812,
        "15": 0.78,
        "16": 0.774,
        "17": 0.796,
        "18": 0.824,
        "19": 0.792,
        "20": 0.772,
        "21": 0.792,
        "22": 0.77,
        "23": 0.828,
        "24": 0.868,
        "25": 0.868,
        "26": 0.812,
        "27": 0.84,
        "28": 0.84
      },
      "best_layer": 8,
      "err_by_dist": {
        "0": [
          0.14285714285714285,
          119
        ],
        "1": [
          0.0038910505836575876,
          257
        ],
        "2": [
          0.3225806451612903,
          124
        ]
      },
      "err_by_dir": {
        "-1": [
          0.1722689075630252,
          238
        ],
        "0": [
          0.14285714285714285,
          119
        ],
        "1": [
          0.0,
          143
        ]
      }
    },
    "words": {
      "acc_per_layer": {
        "1": 0.27,
        "2": 0.73,
        "3": 0.73,
        "4": 0.73,
        "5": 0.73,
        "6": 0.73,
        "7": 0.64,
        "8": 0.64,
        "9": 0.358,
        "10": 0.432,
        "11": 0.35,
        "12": 0.274,
        "13": 0.35,
        "14": 0.354,
        "15": 0.63,
        "16": 0.438,
        "17": 0.274,
        "18": 0.36,
        "19": 0.432,
        "20": 0.624,
        "21": 0.66,
        "22": 0.536,
        "23": 0.68,
        "24": 0.714,
        "25": 0.698,
        "26": 0.718,
        "27": 0.73,
        "28": 0.704
      },
      "best_layer": 2,
      "err_by_dist": {
        "0": [
          0.0,
          128
        ],
        "1": [
          0.0,
          237
        ],
        "2": [
          1.0,
          135
        ]
      },
      "err_by_dir": {
        "-1": [
          0.531496062992126,
          254
        ],
        "0": [
          0.0,
          128
        ],
        "1": [
          0.0,
          118
        ]
      }
    }
  }
}