{
  "model1": {
    "digits_paraphrase": {
      "acc_per_layer": {
        "1": 0.7066666666666667,
        "2": 0.8086666666666666,
        "3": 0.8373333333333334,
        "4": 0.8233333333333334,
        "5": 0.738,
        "6": 0.8586666666666667,
        "7": 0.7786666666666666,
        "8": 0.53,
        "9": 0.8413333333333334,
        "10": 0.8026666666666666,
        "11": 0.7293333333333333,
        "12": 0.6733333333333333,
        "13": 0.6213333333333333,
        "14": 0.7386666666666667,
        "15": 0.69,
        "16": 0.734,
        "17": 0.47333333333333333,
        "18": 0.738,
        "19": 0.7846666666666666,
        "20": 0.7106666666666667,
        "21": 0.44266666666666665,
        "22": 0.7666666666666667,
        "23": 0.712,
        "24": 0.47333333333333333,
        "25": 0.6446666666666667,
        "26": 0.582,
        "27": 0.5406666666666666,
        "28": 0.4146666666666667,
        "29": 0.806,
        "30": 0.7146666666666667,
        "31": 0.5393333333333333,
        "32": 0.612,
        "33": 0.734,
        "34": 0.5686666666666667,
        "35": 0.48533333333333334,
        "36": 0.45066666666666666,
        "37": 0.322,
        "38": 0.3453333333333333,
        "39": 0.42333333333333334,
        "40": 0.5093333333333333,
        "41": 0.31133333333333335,
        "42": 0.364,
        "43": 0.7586666666666667,
        "44": 0.75
      },
      "best_layer": 6,
      "err_by_dist": {
        "0": [
          0.24369747899159663,
          357
        ],
        "1": [
          0.06762028608582575,
          769
        ],
        "2": [
          0.19518716577540107,
          374
        ]
      },
      "err_by_dir": {
        "-1": [
          0.12928759894459102,
          758
        ],
        "0": [
          0.24369747899159663,
          357
        ],
        "1": [
          0.07012987012987013,
          385
        ]
      }
    },
    "words": {
      "acc_per_layer": {
        "1": 0.5953333333333334,
        "2": 0.5913333333333334,
        "3": 0.5713333333333334,
        "4": 0.494,
        "5": 0.5373333333333333,
        "6": 0.774,
        "7": 0.7793333333333333,
        "8": 0.42866666666666664,
        "9": 0.7946666666666666,
        "10": 0.824,
        "11": 0.794,
        "12": 0.7246666666666667,
        "13": 0.804,
        "14": 0.61,
        "15": 0.6253333333333333,
        "16": 0.752,
        "17": 0.6613333333333333,
        "18": 0.7666666666666667,
        "19": 0.7893333333333333,
        "20": 0.56,
        "21": 0.5053333333333333,
        "22": 0.724,
        "23": 0.708,
        "24": 0.48,
        "25": 0.6866666666666666,
        "26": 0.542,
        "27": 0.5466666666666666,
        "28": 0.37266666666666665,
        "29": 0.698,
        "30": 0.6306666666666667,
        "31": 0.6246666666666667,
        "32": 0.512,
        "33": 0.5953333333333334,
        "34": 0.592,
        "35": 0.41933333333333334,
        "36": 0.5753333333333334,
        "37": 0.5073333333333333,
        "38": 0.49866666666666665,
        "39": 0.74,
        "40": 0.5753333333333334,
        "41": 0.536,
        "42": 0.512,
        "43": 0.46266666666666667,
        "44": 0.5313333333333333
      },
      "best_layer": 10,
      "err_by_dist": {
        "0": [
          0.0326975476839237,
          367
        ],
        "1": [
          0.005263157894736842,
          760
        ],
        "2": [
          0.6648793565683646,
          373
        ]
      },
      "err_by_dir": {
        "-1": [
          0.3351278600269179,
          743
        ],
        "0": [
          0.0326975476839237,
          367
        ],
        "1": [
          0.007692307692307693,
          390
        ]
      }
    }
  }
}