{
  "model1": {
    "digits_paraphrase": {
      "acc_per_layer": {
        "1": 0.43133333333333335,
        "2": 0.366,
        "3": 0.6173333333333333,
        "4": 0.686,
        "5": 0.814,
        "6": 0.88,
        "7": 0.852,
        "8": 0.896,
        "9": 0.88,
        "10": 0.84,
        "11": 0.6806666666666666,
        "12": 0.748,
        "13": 0.838,
        "14": 0.8886666666666667,
        "15": 0.868,
        "16": 0.8833333333333333,
        "17": 0.794,
        "18": 0.89,
        "19": 0.868,
        "20": 0.7273333333333334,
        "21": 0.6266666666666667,
        "22": 0.8333333333333334,
        "23": 0.7066666666666667,
        "24": 0.8666666666666667,
        "25": 0.6686666666666666,
        "26": 0.8293333333333334,
        "27": 0.7466666666666667,
        "28": 0.7626666666666667,
        "29": 0.7413333333333333,
        "30": 0.7966666666666666,
        "31": 0.7313333333333333,
        "32": 0.6413333333333333,
        "33": 0.5846666666666667,
        "34": 0.5153333333333333,
        "35": 0.35133333333333333,
        "36": 0.41133333333333333,
        "37": 0.734,
        "38": 0.5173333333333333,
        "39": 0.3993333333333333,
        "40": 0.606,
        "41": 0.6506666666666666,
        "42": 0.5946666666666667,
        "43": 0.732,
        "44": 0.422,
        "45": 0.6226666666666667,
        "46": 0.378,
        "47": 0.504,
        "48": 0.3506666666666667,
        "49": 0.48,
        "50": 0.378,
        "51": 0.30133333333333334,
        "52": 0.5913333333333334,
        "53": 0.31266666666666665,
        "54": 0.4653333333333333,
        "55": 0.456,
        "56": 0.3413333333333333,
        "57": 0.36333333333333334,
        "58": 0.44,
        "59": 0.3993333333333333,
        "60": 0.4746666666666667,
        "61": 0.542,
        "62": 0.6773333333333333,
        "63": 0.3473333333333333,
        "64": 0.7913333333333333,
        "65": 0.53,
        "66": 0.5653333333333334,
        "67": 0.7246666666666667,
        "68": 0.4666666666666667,
        "69": 0.46,
        "70": 0.49866666666666665,
        "71": 0.24933333333333332,
        "72": 0.24933333333333332
      },
      "best_layer": 8,
      "err_by_dist": {
        "0": [
          0.18207282913165265,
          357
        ],
        "1": [
          0.0494148244473342,
          769
        ],
        "2": [
          0.14171122994652408,
          374
        ]
      },
      "err_by_dir": {
        "-1": [
          0.09102902374670185,
          758
        ],
        "0": [
          0.18207282913165265,
          357
        ],
        "1": [
          0.05714285714285714,
          385
        ]
      }
    },
    "words": {
      "acc_per_layer": {
        "1": 0.46066666666666667,
        "2": 0.264,
        "3": 0.4686666666666667,
        "4": 0.43733333333333335,
        "5": 0.6626666666666666,
        "6": 0.7753333333333333,
        "7": 0.6806666666666666,
        "8": 0.776,
        "9": 0.7913333333333333,
        "10": 0.6906666666666667,
        "11": 0.5106666666666667,
        "12": 0.47733333333333333,
        "13": 0.5086666666666667,
        "14": 0.536,
        "15": 0.5346666666666666,
        "16": 0.5346666666666666,
        "17": 0.7233333333333334,
        "18": 0.532,
        "19": 0.566,
        "20": 0.39066666666666666,
        "21": 0.3373333333333333,
        "22": 0.5306666666666666,
        "23": 0.5313333333333333,
        "24": 0.632,
        "25": 0.5173333333333333,
        "26": 0.646,
        "27": 0.5,
        "28": 0.8253333333333334,
        "29": 0.7413333333333333,
        "30": 0.602,
        "31": 0.722,
        "32": 0.776,
        "33": 0.7033333333333334,
        "34": 0.638,
        "35": 0.684,
        "36": 0.7006666666666667,
        "37": 0.718,
        "38": 0.746,
        "39": 0.6386666666666667,
        "40": 0.7333333333333333,
        "41": 0.7393333333333333,
        "42": 0.77,
        "43": 0.7993333333333333,
        "44": 0.7413333333333333,
        "45": 0.8193333333333334,
        "46": 0.762,
        "47": 0.7753333333333333,
        "48": 0.6306666666666667,
        "49": 0.73,
        "50": 0.636,
        "51": 0.258,
        "52": 0.536,
        "53": 0.308,
        "54": 0.496,
        "55": 0.5973333333333334,
        "56": 0.6133333333333333,
        "57": 0.6053333333333333,
        "58": 0.6066666666666667,
        "59": 0.678,
        "60": 0.664,
        "61": 0.666,
        "62": 0.6766666666666666,
        "63": 0.7186666666666667,
        "64": 0.76,
        "65": 0.7033333333333334,
        "66": 0.7453333333333333,
        "67": 0.69,
        "68": 0.5966666666666667,
        "69": 0.7413333333333333,
        "70": 0.72,
        "71": 0.26466666666666666,
        "72": 0.44533333333333336
      },
      "best_layer": 28,
      "err_by_dist": {
        "0": [
          0.10899182561307902,
          367
        ],
        "1": [
          0.007894736842105263,
          760
        ],
        "2": [
          0.579088471849866,
          373
        ]
      },
      "err_by_dir": {
        "-1": [
          0.29475100942126514,
          743
        ],
        "0": [
          0.10899182561307902,
          367
        ],
        "1": [
          0.007692307692307693,
          390
        ]
      }
    }
  }
}