{
  "model1": {
    "digits_paraphrase": {
      "acc_per_layer": {
        "1": 0.7526666666666667,
        "2": 0.776,
        "3": 0.7593333333333333,
        "4": 0.674,
        "5": 0.7513333333333333,
        "6": 0.8393333333333334,
        "7": 0.8926666666666667,
        "8": 0.83,
        "9": 0.864,
        "10": 0.794,
        "11": 0.7853333333333333,
        "12": 0.7986666666666666,
        "13": 0.7533333333333333,
        "14": 0.7926666666666666,
        "15": 0.746,
        "16": 0.442,
        "17": 0.6846666666666666,
        "18": 0.7413333333333333,
        "19": 0.38466666666666666,
        "20": 0.76,
        "21": 0.81,
        "22": 0.8093333333333333,
        "23": 0.802,
        "24": 0.7746666666666666,
        "25": 0.796,
        "26": 0.7666666666666667,
        "27": 0.8033333333333333,
        "28": 0.648,
        "29": 0.7766666666666666,
        "30": 0.7706666666666667,
        "31": 0.44266666666666665,
        "32": 0.3406666666666667,
        "33": 0.6646666666666666,
        "34": 0.4013333333333333,
        "35": 0.75,
        "36": 0.6573333333333333
      },
      "best_layer": 7,
      "err_by_dist": {
        "0": [
          0.21288515406162464,
          357
        ],
        "1": [
          0.0741222366710013,
          769
        ],
        "2": [
          0.0748663101604278,
          374
        ]
      },
      "err_by_dir": {
        "-1": [
          0.08047493403693931,
          758
        ],
        "0": [
          0.21288515406162464,
          357
        ],
        "1": [
          0.06233766233766234,
          385
        ]
      }
    },
    "words": {
      "acc_per_layer": {
        "1": 0.4693333333333333,
        "2": 0.42933333333333334,
        "3": 0.3993333333333333,
        "4": 0.31666666666666665,
        "5": 0.7433333333333333,
        "6": 0.6173333333333333,
        "7": 0.4806666666666667,
        "8": 0.4186666666666667,
        "9": 0.32866666666666666,
        "10": 0.5686666666666667,
        "11": 0.608,
        "12": 0.7506666666666667,
        "13": 0.5406666666666666,
        "14": 0.47,
        "15": 0.6246666666666667,
        "16": 0.394,
        "17": 0.42133333333333334,
        "18": 0.47733333333333333,
        "19": 0.45866666666666667,
        "20": 0.5793333333333334,
        "21": 0.5953333333333334,
        "22": 0.6033333333333334,
        "23": 0.6053333333333333,
        "24": 0.7026666666666667,
        "25": 0.6213333333333333,
        "26": 0.5166666666666667,
        "27": 0.4646666666666667,
        "28": 0.3313333333333333,
        "29": 0.4866666666666667,
        "30": 0.5826666666666667,
        "31": 0.34,
        "32": 0.38066666666666665,
        "33": 0.514,
        "34": 0.37266666666666665,
        "35": 0.5913333333333334,
        "36": 0.6766666666666666
      },
      "best_layer": 12,
      "err_by_dist": {
        "0": [
          0.0027247956403269754,
          367
        ],
        "1": [
          0.005263157894736842,
          760
        ],
        "2": [
          0.9892761394101877,
          373
        ]
      },
      "err_by_dir": {
        "-1": [
          0.49663526244952894,
          743
        ],
        "0": [
          0.0027247956403269754,
          367
        ],
        "1": [
          0.010256410256410256,
          390
        ]
      }
    }
  }
}