{
  "model1": {
    "digits_paraphrase": {
      "acc_per_layer": {
        "1": 0.812,
        "2": 0.9806666666666667,
        "3": 0.6626666666666666,
        "4": 0.898,
        "5": 0.94,
        "6": 0.9653333333333334,
        "7": 0.908,
        "8": 0.9326666666666666,
        "9": 0.82,
        "10": 0.8626666666666667,
        "11": 0.896,
        "12": 0.5353333333333333,
        "13": 0.7366666666666667,
        "14": 0.828,
        "15": 0.782,
        "16": 0.676,
        "17": 0.7353333333333333,
        "18": 0.8173333333333334,
        "19": 0.7606666666666667,
        "20": 0.828,
        "21": 0.6246666666666667,
        "22": 0.9306666666666666,
        "23": 0.9473333333333334,
        "24": 0.832,
        "25": 0.638,
        "26": 0.758,
        "27": 0.7953333333333333,
        "28": 0.7,
        "29": 0.7346666666666667,
        "30": 0.682,
        "31": 0.504,
        "32": 0.5786666666666667,
        "33": 0.5593333333333333,
        "34": 0.5913333333333334,
        "35": 0.6433333333333333,
        "36": 0.5246666666666666
      },
      "best_layer": 2,
      "err_by_dist": {
        "0": [
          0.0,
          731
        ],
        "1": [
          0.0377113133940182,
          769
        ]
      },
      "err_by_dir": {
        "-1": [
          0.0377113133940182,
          769
        ],
        "0": [
          0.0,
          731
        ],
        "1": [
          null,
          0
        ]
      }
    },
    "words": {
      "acc_per_layer": {
        "1": 0.492,
        "2": 0.49333333333333335,
        "3": 0.49266666666666664,
        "4": 0.49333333333333335,
        "5": 0.4766666666666667,
        "6": 0.43133333333333335,
        "7": 0.4766666666666667,
        "8": 0.49333333333333335,
        "9": 0.5286666666666666,
        "10": 0.49866666666666665,
        "11": 0.512,
        "12": 0.532,
        "13": 0.442,
        "14": 0.536,
        "15": 0.5666666666666667,
        "16": 0.5046666666666667,
        "17": 0.5046666666666667,
        "18": 0.5446666666666666,
        "19": 0.5226666666666666,
        "20": 0.496,
        "21": 0.526,
        "22": 0.5,
        "23": 0.488,
        "24": 0.496,
        "25": 0.49133333333333334,
        "26": 0.502,
        "27": 0.5086666666666667,
        "28": 0.5033333333333333,
        "29": 0.5093333333333333,
        "30": 0.496,
        "31": 0.492,
        "32": 0.5073333333333333,
        "33": 0.49,
        "34": 0.5053333333333333,
        "35": 0.482,
        "36": 0.48733333333333334
      },
      "best_layer": 15,
      "err_by_dist": {
        "0": [
          0.5621621621621622,
          740
        ],
        "1": [
          0.3078947368421053,
          760
        ]
      },
      "err_by_dir": {
        "-1": [
          0.3078947368421053,
          760
        ],
        "0": [
          0.5621621621621622,
          740
        ],
        "1": [
          null,
          0
        ]
      }
    }
  }
}