{
  "model1": {
    "digits_paraphrase": {
      "acc_per_layer": {
        "1": 0.4886666666666667,
        "2": 0.6813333333333333,
        "3": 0.654,
        "4": 0.774,
        "5": 0.6693333333333333,
        "6": 0.914,
        "7": 0.856,
        "8": 0.9206666666666666,
        "9": 0.8906666666666667,
        "10": 0.846,
        "11": 0.9626666666666667,
        "12": 0.932,
        "13": 0.9746666666666667,
        "14": 0.8706666666666667,
        "15": 0.9086666666666666,
        "16": 0.7813333333333333,
        "17": 0.7913333333333333,
        "18": 0.7426666666666667,
        "19": 0.5853333333333334,
        "20": 0.9033333333333333,
        "21": 0.6273333333333333,
        "22": 0.7453333333333333,
        "23": 0.732,
        "24": 0.712,
        "25": 0.8306666666666667,
        "26": 0.7,
        "27": 0.7233333333333334,
        "28": 0.784,
        "29": 0.6213333333333333,
        "30": 0.852,
        "31": 0.6746666666666666,
        "32": 0.7213333333333334,
        "33": 0.8346666666666667,
        "34": 0.8586666666666667,
        "35": 0.864,
        "36": 0.8126666666666666,
        "37": 0.8413333333333334,
        "38": 0.608,
        "39": 0.7073333333333334,
        "40": 0.8193333333333334,
        "41": 0.8273333333333334,
        "42": 0.8013333333333333,
        "43": 0.7926666666666666,
        "44": 0.7473333333333333,
        "45": 0.756,
        "46": 0.6833333333333333,
        "47": 0.7306666666666667,
        "48": 0.8346666666666667,
        "49": 0.78,
        "50": 0.8333333333333334,
        "51": 0.8186666666666667,
        "52": 0.8506666666666667,
        "53": 0.8486666666666667,
        "54": 0.6106666666666667,
        "55": 0.762,
        "56": 0.8166666666666667,
        "57": 0.7293333333333333,
        "58": 0.848,
        "59": 0.77,
        "60": 0.8126666666666666,
        "61": 0.806,
        "62": 0.628,
        "63": 0.608,
        "64": 0.532
      },
      "best_layer": 13,
      "err_by_dist": {
        "0": [
          0.016415868673050615,
          731
        ],
        "1": [
          0.033810143042912875,
          769
        ]
      },
      "err_by_dir": {
        "-1": [
          0.033810143042912875,
          769
        ],
        "0": [
          0.016415868673050615,
          731
        ],
        "1": [
          NaN,
          0
        ]
      }
    },
    "words": {
      "acc_per_layer": {
        "1": 0.6006666666666667,
        "2": 0.6246666666666667,
        "3": 0.638,
        "4": 0.618,
        "5": 0.6453333333333333,
        "6": 0.648,
        "7": 0.6693333333333333,
        "8": 0.6226666666666667,
        "9": 0.6546666666666666,
        "10": 0.632,
        "11": 0.6453333333333333,
        "12": 0.71,
        "13": 0.772,
        "14": 0.812,
        "15": 0.8186666666666667,
        "16": 0.6846666666666666,
        "17": 0.7393333333333333,
        "18": 0.7833333333333333,
        "19": 0.7573333333333333,
        "20": 0.8166666666666667,
        "21": 0.672,
        "22": 0.7866666666666666,
        "23": 0.824,
        "24": 0.8046666666666666,
        "25": 0.8,
        "26": 0.7613333333333333,
        "27": 0.8313333333333334,
        "28": 0.8513333333333334,
        "29": 0.71,
        "30": 0.7533333333333333,
        "31": 0.8126666666666666,
        "32": 0.7166666666666667,
        "33": 0.89,
        "34": 0.7906666666666666,
        "35": 0.7013333333333334,
        "36": 0.7346666666666667,
        "37": 0.7553333333333333,
        "38": 0.6833333333333333,
        "39": 0.8086666666666666,
        "40": 0.7566666666666667,
        "41": 0.7926666666666666,
        "42": 0.7686666666666667,
        "43": 0.742,
        "44": 0.76,
        "45": 0.7073333333333334,
        "46": 0.804,
        "47": 0.7426666666666667,
        "48": 0.72,
        "49": 0.768,
        "50": 0.7433333333333333,
        "51": 0.7826666666666666,
        "52": 0.696,
        "53": 0.6913333333333334,
        "54": 0.6726666666666666,
        "55": 0.6666666666666666,
        "56": 0.7013333333333334,
        "57": 0.6166666666666667,
        "58": 0.6653333333333333,
        "59": 0.7193333333333334,
        "60": 0.6846666666666666,
        "61": 0.6946666666666667,
        "62": 0.658,
        "63": 0.7293333333333333,
        "64": 0.698
      },
      "best_layer": 33,
      "err_by_dist": {
        "0": [
          0.06351351351351352,
          740
        ],
        "1": [
          0.15526315789473685,
          760
        ]
      },
      "err_by_dir": {
        "-1": [
          0.15526315789473685,
          760
        ],
        "0": [
          0.06351351351351352,
          740
        ],
        "1": [
          NaN,
          0
        ]
      }
    }
  }
}