{
  "model1": {
    "digits_paraphrase": {
      "acc_per_layer": {
        "1": 0.924,
        "2": 0.6706666666666666,
        "3": 0.9486666666666667,
        "4": 0.858,
        "5": 0.96,
        "6": 0.9726666666666667,
        "7": 0.9646666666666667,
        "8": 0.818,
        "9": 0.9466666666666667,
        "10": 0.9166666666666666,
        "11": 0.8946666666666667,
        "12": 0.7366666666666667,
        "13": 0.6953333333333334,
        "14": 0.81,
        "15": 0.8146666666666667,
        "16": 0.7346666666666667,
        "17": 0.7346666666666667,
        "18": 0.7253333333333334,
        "19": 0.8666666666666667,
        "20": 0.8786666666666667,
        "21": 0.6346666666666667,
        "22": 0.854,
        "23": 0.756,
        "24": 0.636,
        "25": 0.6653333333333333,
        "26": 0.85,
        "27": 0.8306666666666667,
        "28": 0.7226666666666667,
        "29": 0.702,
        "30": 0.7546666666666667,
        "31": 0.7413333333333333,
        "32": 0.6993333333333334,
        "33": 0.7213333333333334,
        "34": 0.6793333333333333,
        "35": 0.6526666666666666,
        "36": 0.558
      },
      "best_layer": 6,
      "err_by_dist": {
        "0": [
          0.0,
          731
        ],
        "1": [
          0.053315994798439535,
          769
        ]
      },
      "err_by_dir": {
        "-1": [
          0.053315994798439535,
          769
        ],
        "0": [
          0.0,
          731
        ],
        "1": [
          null,
          0
        ]
      }
    },
    "words": {
      "acc_per_layer": {
        "1": 0.502,
        "2": 0.4593333333333333,
        "3": 0.47533333333333333,
        "4": 0.47,
        "5": 0.476,
        "6": 0.468,
        "7": 0.49533333333333335,
        "8": 0.5026666666666667,
        "9": 0.5193333333333333,
        "10": 0.5306666666666666,
        "11": 0.5026666666666667,
        "12": 0.49933333333333335,
        "13": 0.5233333333333333,
        "14": 0.49066666666666664,
        "15": 0.5046666666666667,
        "16": 0.48733333333333334,
        "17": 0.494,
        "18": 0.508,
        "19": 0.5033333333333333,
        "20": 0.48333333333333334,
        "21": 0.496,
        "22": 0.518,
        "23": 0.5266666666666666,
        "24": 0.5146666666666667,
        "25": 0.49866666666666665,
        "26": 0.5426666666666666,
        "27": 0.508,
        "28": 0.506,
        "29": 0.516,
        "30": 0.5133333333333333,
        "31": 0.49266666666666664,
        "32": 0.514,
        "33": 0.504,
        "34": 0.5553333333333333,
        "35": 0.5533333333333333,
        "36": 0.5366666666666666
      },
      "best_layer": 34,
      "err_by_dist": {
        "0": [
          0.5527027027027027,
          740
        ],
        "1": [
          0.3394736842105263,
          760
        ]
      },
      "err_by_dir": {
        "-1": [
          0.3394736842105263,
          760
        ],
        "0": [
          0.5527027027027027,
          740
        ],
        "1": [
          null,
          0
        ]
      }
    }
  }
}