{
  "model1": {
    "digits_paraphrase": {
      "acc_per_layer": {
        "1": 0.7786666666666666,
        "2": 0.928,
        "3": 0.8993333333333333,
        "4": 0.8566666666666667,
        "5": 0.9206666666666666,
        "6": 0.8313333333333334,
        "7": 0.8393333333333334,
        "8": 0.708,
        "9": 0.628,
        "10": 0.8766666666666667,
        "11": 0.8373333333333334,
        "12": 0.778,
        "13": 0.6673333333333333,
        "14": 0.7406666666666667,
        "15": 0.746,
        "16": 0.7826666666666666,
        "17": 0.8493333333333334,
        "18": 0.7693333333333333,
        "19": 0.688,
        "20": 0.8046666666666666,
        "21": 0.7733333333333333,
        "22": 0.806,
        "23": 0.7686666666666667,
        "24": 0.7153333333333334,
        "25": 0.5493333333333333,
        "26": 0.7613333333333333,
        "27": 0.7306666666666667,
        "28": 0.7353333333333333,
        "29": 0.8626666666666667,
        "30": 0.9013333333333333,
        "31": 0.822,
        "32": 0.844,
        "33": 0.8126666666666666,
        "34": 0.746,
        "35": 0.734,
        "36": 0.7033333333333334,
        "37": 0.6593333333333333,
        "38": 0.6333333333333333,
        "39": 0.5806666666666667,
        "40": 0.6033333333333334,
        "41": 0.596,
        "42": 0.6066666666666667,
        "43": 0.6393333333333333,
        "44": 0.5586666666666666
      },
      "best_layer": 2,
      "err_by_dist": {
        "0": [
          0.0013679890560875513,
          731
        ],
        "1": [
          0.13914174252275682,
          769
        ]
      },
      "err_by_dir": {
        "-1": [
          0.13914174252275682,
          769
        ],
        "0": [
          0.0013679890560875513,
          731
        ],
        "1": []
      }
    },
    "words": {
      "acc_per_layer": {
        "1": 0.5073333333333333,
        "2": 0.5473333333333333,
        "3": 0.6133333333333333,
        "4": 0.6353333333333333,
        "5": 0.6406666666666667,
        "6": 0.6533333333333333,
        "7": 0.6846666666666666,
        "8": 0.662,
        "9": 0.6553333333333333,
        "10": 0.7013333333333334,
        "11": 0.8013333333333333,
        "12": 0.73,
        "13": 0.6533333333333333,
        "14": 0.696,
        "15": 0.6953333333333334,
        "16": 0.7413333333333333,
        "17": 0.8106666666666666,
        "18": 0.712,
        "19": 0.7233333333333334,
        "20": 0.6693333333333333,
        "21": 0.682,
        "22": 0.7446666666666667,
        "23": 0.732,
        "24": 0.6833333333333333,
        "25": 0.664,
        "26": 0.6806666666666666,
        "27": 0.56,
        "28": 0.6106666666666667,
        "29": 0.6666666666666666,
        "30": 0.622,
        "31": 0.5986666666666667,
        "32": 0.6526666666666666,
        "33": 0.6446666666666667,
        "34": 0.6726666666666666,
        "35": 0.594,
        "36": 0.582,
        "37": 0.584,
        "38": 0.6266666666666667,
        "39": 0.684,
        "40": 0.5426666666666666,
        "41": 0.6753333333333333,
        "42": 0.7486666666666667,
        "43": 0.67,
        "44": 0.674
      },
      "best_layer": 17,
      "err_by_dist": {
        "0": [
          0.28378378378378377,
          740
        ],
        "1": [
          0.09736842105263158,
          760
        ]
      },
      "err_by_dir": {
        "-1": [
          0.09736842105263158,
          760
        ],
        "0": [
          0.28378378378378377,
          740
        ],
        "1": []
      }
    }
  }
}