{
  "model1": {
    "digits_paraphrase": {
      "acc_per_layer": {
        "1": 0.6953333333333334,
        "2": 0.7533333333333333,
        "3": 0.9393333333333334,
        "4": 0.9486666666666667,
        "5": 0.8813333333333333,
        "6": 0.902,
        "7": 0.9586666666666667,
        "8": 0.968,
        "9": 0.968,
        "10": 0.622,
        "11": 0.9313333333333333,
        "12": 0.888,
        "13": 0.9426666666666667,
        "14": 0.9466666666666667,
        "15": 0.884,
        "16": 0.9413333333333334,
        "17": 0.8853333333333333,
        "18": 0.8626666666666667,
        "19": 0.9073333333333333,
        "20": 0.892,
        "21": 0.8973333333333333,
        "22": 0.7486666666666667,
        "23": 0.8786666666666667,
        "24": 0.8093333333333333,
        "25": 0.804,
        "26": 0.636,
        "27": 0.766,
        "28": 0.822,
        "29": 0.81,
        "30": 0.7913333333333333,
        "31": 0.7346666666666667,
        "32": 0.7133333333333334,
        "33": 0.64,
        "34": 0.6353333333333333,
        "35": 0.746,
        "36": 0.7933333333333333,
        "37": 0.706,
        "38": 0.8526666666666667,
        "39": 0.7413333333333333,
        "40": 0.844,
        "41": 0.6853333333333333,
        "42": 0.7186666666666667,
        "43": 0.692,
        "44": 0.724,
        "45": 0.714,
        "46": 0.6206666666666667,
        "47": 0.698,
        "48": 0.8933333333333333,
        "49": 0.86,
        "50": 0.598,
        "51": 0.616,
        "52": 0.8133333333333334,
        "53": 0.862,
        "54": 0.686,
        "55": 0.6206666666666667,
        "56": 0.8086666666666666,
        "57": 0.682,
        "58": 0.7053333333333334,
        "59": 0.7926666666666666,
        "60": 0.8413333333333334,
        "61": 0.7853333333333333,
        "62": 0.778,
        "63": 0.73,
        "64": 0.732,
        "65": 0.7306666666666667,
        "66": 0.8186666666666667,
        "67": 0.8066666666666666,
        "68": 0.7753333333333333,
        "69": 0.6793333333333333,
        "70": 0.594,
        "71": 0.52,
        "72": 0.48733333333333334
      },
      "best_layer": 8,
      "err_by_dist": {
        "0": [
          0.06429548563611491,
          731
        ],
        "1": [
          0.0013003901170351106,
          769
        ]
      },
      "err_by_dir": {
        "-1": [
          0.0013003901170351106,
          769
        ],
        "0": [
          0.06429548563611491,
          731
        ],
        "1": [
          NaN,
          0
        ]
      }
    },
    "words": {
      "acc_per_layer": {
        "1": 0.416,
        "2": 0.4673333333333333,
        "3": 0.5813333333333334,
        "4": 0.722,
        "5": 0.6,
        "6": 0.6746666666666666,
        "7": 0.6613333333333333,
        "8": 0.672,
        "9": 0.618,
        "10": 0.6013333333333334,
        "11": 0.6073333333333333,
        "12": 0.6313333333333333,
        "13": 0.65,
        "14": 0.642,
        "15": 0.6426666666666667,
        "16": 0.666,
        "17": 0.6726666666666666,
        "18": 0.6106666666666667,
        "19": 0.6753333333333333,
        "20": 0.6726666666666666,
        "21": 0.6406666666666667,
        "22": 0.684,
        "23": 0.6313333333333333,
        "24": 0.6133333333333333,
        "25": 0.6066666666666667,
        "26": 0.676,
        "27": 0.684,
        "28": 0.674,
        "29": 0.6433333333333333,
        "30": 0.6526666666666666,
        "31": 0.6426666666666667,
        "32": 0.684,
        "33": 0.6553333333333333,
        "34": 0.684,
        "35": 0.676,
        "36": 0.7013333333333334,
        "37": 0.7486666666666667,
        "38": 0.6033333333333334,
        "39": 0.7353333333333333,
        "40": 0.664,
        "41": 0.7566666666666667,
        "42": 0.7253333333333334,
        "43": 0.6886666666666666,
        "44": 0.6173333333333333,
        "45": 0.66,
        "46": 0.71,
        "47": 0.7466666666666667,
        "48": 0.64,
        "49": 0.6906666666666667,
        "50": 0.754,
        "51": 0.6453333333333333,
        "52": 0.7006666666666667,
        "53": 0.734,
        "54": 0.728,
        "55": 0.7093333333333334,
        "56": 0.6953333333333334,
        "57": 0.6606666666666666,
        "58": 0.6533333333333333,
        "59": 0.66,
        "60": 0.646,
        "61": 0.7326666666666667,
        "62": 0.5973333333333334,
        "63": 0.5973333333333334,
        "64": 0.6186666666666667,
        "65": 0.6073333333333333,
        "66": 0.5746666666666667,
        "67": 0.57,
        "68": 0.544,
        "69": 0.5313333333333333,
        "70": 0.506,
        "71": 0.5046666666666667,
        "72": 0.5966666666666667
      },
      "best_layer": 41,
      "err_by_dist": {
        "0": [
          0.31351351351351353,
          740
        ],
        "1": [
          0.175,
          760
        ]
      },
      "err_by_dir": {
        "-1": [
          0.175,
          760
        ],
        "0": [
          0.31351351351351353,
          740
        ],
        "1": [
          NaN,
          0
        ]
      }
    }
  }
}