{
  "model1": {
    "digits_paraphrase": {
      "acc_per_layer": {
        "1": 0.444,
        "2": 0.44333333333333336,
        "3": 0.49266666666666664,
        "4": 0.49333333333333335,
        "5": 0.5433333333333333,
        "6": 0.5273333333333333,
        "7": 0.5246666666666666,
        "8": 0.462,
        "9": 0.536,
        "10": 0.5046666666666667,
        "11": 0.49266666666666664,
        "12": 0.4573333333333333,
        "13": 0.45066666666666666,
        "14": 0.4646666666666667,
        "15": 0.488,
        "16": 0.4493333333333333,
        "17": 0.44733333333333336,
        "18": 0.46,
        "19": 0.44733333333333336,
        "20": 0.504,
        "21": 0.48133333333333334,
        "22": 0.5106666666666667,
        "23": 0.5073333333333333,
        "24": 0.49933333333333335,
        "25": 0.5173333333333333,
        "26": 0.57,
        "27": 0.5253333333333333,
        "28": 0.484,
        "29": 0.5933333333333334,
        "30": 0.5966666666666667,
        "31": 0.544,
        "32": 0.5333333333333333,
        "33": 0.5846666666666667,
        "34": 0.582,
        "35": 0.574,
        "36": 0.5686666666666667,
        "37": 0.526,
        "38": 0.562,
        "39": 0.566,
        "40": 0.5586666666666666,
        "41": 0.5666666666666667,
        "42": 0.5593333333333333,
        "43": 0.5593333333333333,
        "44": 0.56,
        "45": 0.5886666666666667,
        "46": 0.5733333333333334,
        "47": 0.5513333333333333,
        "48": 0.5693333333333334,
        "49": 0.5533333333333333,
        "50": 0.574,
        "51": 0.57,
        "52": 0.578,
        "53": 0.5553333333333333,
        "54": 0.5586666666666666,
        "55": 0.48733333333333334,
        "56": 0.548,
        "57": 0.5346666666666666,
        "58": 0.5386666666666666,
        "59": 0.504,
        "60": 0.5213333333333333,
        "61": 0.5493333333333333,
        "62": 0.5046666666666667,
        "63": 0.5446666666666666,
        "64": 0.5553333333333333,
        "65": 0.5606666666666666,
        "66": 0.508,
        "67": 0.5213333333333333,
        "68": 0.522,
        "69": 0.5573333333333333,
        "70": 0.48,
        "71": 0.442,
        "72": 0.48
      },
      "best_layer": 30,
      "err_by_dist": {
        "0": [
          0.7292576419213974,
          229
        ],
        "1": [
          0.9212962962962963,
          432
        ],
        "2": [
          0.04714640198511166,
          403
        ],
        "3": [
          0.0481651376146789,
          436
        ]
      },
      "err_by_dir": {
        "-1": [
          0.3293591654247392,
          671
        ],
        "0": [
          0.7292576419213974,
          229
        ],
        "1": [
          0.3616666666666667,
          600
        ]
      }
    },
    "words": {
      "acc_per_layer": {
        "1": 0.4646666666666667,
        "2": 0.43133333333333335,
        "3": 0.502,
        "4": 0.5226666666666666,
        "5": 0.5446666666666666,
        "6": 0.5006666666666667,
        "7": 0.5193333333333333,
        "8": 0.446,
        "9": 0.49933333333333335,
        "10": 0.4726666666666667,
        "11": 0.43933333333333335,
        "12": 0.43733333333333335,
        "13": 0.45,
        "14": 0.44533333333333336,
        "15": 0.4693333333333333,
        "16": 0.44066666666666665,
        "17": 0.43066666666666664,
        "18": 0.44133333333333336,
        "19": 0.42933333333333334,
        "20": 0.432,
        "21": 0.4693333333333333,
        "22": 0.4846666666666667,
        "23": 0.478,
        "24": 0.49733333333333335,
        "25": 0.5013333333333333,
        "26": 0.5093333333333333,
        "27": 0.47933333333333333,
        "28": 0.442,
        "29": 0.5326666666666666,
        "30": 0.5406666666666666,
        "31": 0.46066666666666667,
        "32": 0.46066666666666667,
        "33": 0.4513333333333333,
        "34": 0.49533333333333335,
        "35": 0.5253333333333333,
        "36": 0.4766666666666667,
        "37": 0.4513333333333333,
        "38": 0.49266666666666664,
        "39": 0.48333333333333334,
        "40": 0.5506666666666666,
        "41": 0.5213333333333333,
        "42": 0.5246666666666666,
        "43": 0.53,
        "44": 0.542,
        "45": 0.47,
        "46": 0.5373333333333333,
        "47": 0.5086666666666667,
        "48": 0.494,
        "49": 0.532,
        "50": 0.564,
        "51": 0.5086666666666667,
        "52": 0.518,
        "53": 0.49733333333333335,
        "54": 0.46066666666666667,
        "55": 0.43333333333333335,
        "56": 0.4666666666666667,
        "57": 0.5193333333333333,
        "58": 0.5246666666666666,
        "59": 0.43333333333333335,
        "60": 0.5206666666666667,
        "61": 0.4806666666666667,
        "62": 0.42933333333333334,
        "63": 0.49066666666666664,
        "64": 0.5673333333333334,
        "65": 0.48,
        "66": 0.44533333333333336,
        "67": 0.49866666666666665,
        "68": 0.458,
        "69": 0.5193333333333333,
        "70": 0.43133333333333335,
        "71": 0.428,
        "72": 0.438
      },
      "best_layer": 64,
      "err_by_dist": {
        "0": [
          0.9642857142857143,
          196
        ],
        "1": [
          0.9730941704035875,
          446
        ],
        "2": [
          0.03424657534246575,
          438
        ],
        "3": [
          0.02619047619047619,
          420
        ]
      },
      "err_by_dir": {
        "-1": [
          0.3421828908554572,
          678
        ],
        "0": [
          0.9642857142857143,
          196
        ],
        "1": [
          0.36421725239616615,
          626
        ]
      }
    }
  }
}