{
  "model1": {
    "digits_paraphrase": {
      "acc_per_layer": {
        "1": 0.6726666666666666,
        "2": 0.328,
        "3": 0.6513333333333333,
        "4": 0.664,
        "5": 0.352,
        "6": 0.642,
        "7": 0.738,
        "8": 0.7806666666666666,
        "9": 0.5953333333333334,
        "10": 0.816,
        "11": 0.7753333333333333,
        "12": 0.7,
        "13": 0.672,
        "14": 0.7713333333333333,
        "15": 0.7226666666666667,
        "16": 0.6226666666666667,
        "17": 0.688,
        "18": 0.7026666666666667,
        "19": 0.6426666666666667,
        "20": 0.6886666666666666,
        "21": 0.43466666666666665,
        "22": 0.518,
        "23": 0.504,
        "24": 0.7153333333333334,
        "25": 0.7973333333333333,
        "26": 0.7226666666666667,
        "27": 0.7166666666666667,
        "28": 0.74,
        "29": 0.6966666666666667,
        "30": 0.398,
        "31": 0.5973333333333334,
        "32": 0.6113333333333333,
        "33": 0.7313333333333333,
        "34": 0.6353333333333333,
        "35": 0.784,
        "36": 0.518,
        "37": 0.6646666666666666,
        "38": 0.684,
        "39": 0.428,
        "40": 0.6606666666666666,
        "41": 0.7406666666666667,
        "42": 0.682,
        "43": 0.6893333333333334,
        "44": 0.416
      },
      "best_layer": 10,
      "err_by_dist": {
        "0": [
          0.19144602851323828,
          491
        ],
        "1": [
          0.18037661050545095,
          1009
        ]
      },
      "err_by_dir": {
        "-1": [
          0.19603960396039605,
          505
        ],
        "0": [
          0.19144602851323828,
          491
        ],
        "1": [
          0.16468253968253968,
          504
        ]
      }
    },
    "words": {
      "acc_per_layer": {
        "1": 0.6586666666666666,
        "2": 0.3546666666666667,
        "3": 0.4826666666666667,
        "4": 0.6046666666666667,
        "5": 0.4013333333333333,
        "6": 0.5673333333333334,
        "7": 0.6126666666666667,
        "8": 0.56,
        "9": 0.5226666666666666,
        "10": 0.548,
        "11": 0.544,
        "12": 0.5913333333333334,
        "13": 0.5373333333333333,
        "14": 0.45666666666666667,
        "15": 0.488,
        "16": 0.5453333333333333,
        "17": 0.5706666666666667,
        "18": 0.48533333333333334,
        "19": 0.538,
        "20": 0.5366666666666666,
        "21": 0.494,
        "22": 0.3626666666666667,
        "23": 0.45466666666666666,
        "24": 0.43066666666666664,
        "25": 0.44466666666666665,
        "26": 0.41133333333333333,
        "27": 0.43333333333333335,
        "28": 0.646,
        "29": 0.462,
        "30": 0.428,
        "31": 0.5233333333333333,
        "32": 0.554,
        "33": 0.612,
        "34": 0.518,
        "35": 0.4646666666666667,
        "36": 0.45466666666666666,
        "37": 0.5793333333333334,
        "38": 0.504,
        "39": 0.3506666666666667,
        "40": 0.42533333333333334,
        "41": 0.5773333333333334,
        "42": 0.46066666666666667,
        "43": 0.532,
        "44": 0.3333333333333333
      },
      "best_layer": 1,
      "err_by_dist": {
        "0": [
          0.9498997995991983,
          499
        ],
        "1": [
          0.03796203796203796,
          1001
        ]
      },
      "err_by_dir": {
        "-1": [
          0.044444444444444446,
          495
        ],
        "0": [
          0.9498997995991983,
          499
        ],
        "1": [
          0.03162055335968379,
          506
        ]
      }
    }
  }
}