{
  "model1": {
    "digits_paraphrase": {
      "acc_per_layer": {
        "1": 0.3353333333333333,
        "2": 0.3273333333333333,
        "3": 0.33,
        "4": 0.33,
        "5": 0.33266666666666667,
        "6": 0.3406666666666667,
        "7": 0.3626666666666667,
        "8": 0.402,
        "9": 0.6126666666666667,
        "10": 0.36533333333333334,
        "11": 0.5233333333333333,
        "12": 0.43466666666666665,
        "13": 0.616,
        "14": 0.6486666666666666,
        "15": 0.8293333333333334,
        "16": 0.8333333333333334,
        "17": 0.8326666666666667,
        "18": 0.824,
        "19": 0.7953333333333333,
        "20": 0.818,
        "21": 0.8173333333333334,
        "22": 0.7806666666666666,
        "23": 0.8293333333333334,
        "24": 0.754,
        "25": 0.7053333333333334,
        "26": 0.558,
        "27": 0.818,
        "28": 0.7893333333333333,
        "29": 0.6253333333333333,
        "30": 0.6553333333333333,
        "31": 0.8013333333333333,
        "32": 0.7793333333333333,
        "33": 0.782,
        "34": 0.8006666666666666,
        "35": 0.7486666666666667,
        "36": 0.7926666666666666,
        "37": 0.75,
        "38": 0.7446666666666667,
        "39": 0.6973333333333334,
        "40": 0.692,
        "41": 0.74,
        "42": 0.722,
        "43": 0.804,
        "44": 0.764,
        "45": 0.708,
        "46": 0.6473333333333333,
        "47": 0.7373333333333333,
        "48": 0.6686666666666666,
        "49": 0.6906666666666667,
        "50": 0.592,
        "51": 0.5213333333333333,
        "52": 0.7206666666666667,
        "53": 0.8086666666666666,
        "54": 0.722,
        "55": 0.544,
        "56": 0.7206666666666667,
        "57": 0.7213333333333334,
        "58": 0.5366666666666666,
        "59": 0.7953333333333333,
        "60": 0.6386666666666667,
        "61": 0.5486666666666666,
        "62": 0.6353333333333333,
        "63": 0.45866666666666667,
        "64": 0.51
      },
      "best_layer": 16,
      "err_by_dist": {
        "0": [
          0.13238289205702647,
          491
        ],
        "1": [
          0.18334985133795836,
          1009
        ]
      },
      "err_by_dir": {
        "-1": [
          0.18415841584158416,
          505
        ],
        "0": [
          0.13238289205702647,
          491
        ],
        "1": [
          0.18253968253968253,
          504
        ]
      }
    },
    "words": {
      "acc_per_layer": {
        "1": 0.368,
        "2": 0.364,
        "3": 0.368,
        "4": 0.3473333333333333,
        "5": 0.376,
        "6": 0.338,
        "7": 0.3586666666666667,
        "8": 0.5926666666666667,
        "9": 0.6473333333333333,
        "10": 0.502,
        "11": 0.624,
        "12": 0.4666666666666667,
        "13": 0.5646666666666667,
        "14": 0.702,
        "15": 0.6946666666666667,
        "16": 0.6566666666666666,
        "17": 0.6933333333333334,
        "18": 0.8193333333333334,
        "19": 0.8373333333333334,
        "20": 0.822,
        "21": 0.8226666666666667,
        "22": 0.6273333333333333,
        "23": 0.8306666666666667,
        "24": 0.8166666666666667,
        "25": 0.826,
        "26": 0.6586666666666666,
        "27": 0.778,
        "28": 0.6706666666666666,
        "29": 0.7573333333333333,
        "30": 0.7166666666666667,
        "31": 0.808,
        "32": 0.722,
        "33": 0.7666666666666667,
        "34": 0.7573333333333333,
        "35": 0.762,
        "36": 0.7366666666666667,
        "37": 0.716,
        "38": 0.712,
        "39": 0.7206666666666667,
        "40": 0.744,
        "41": 0.6873333333333334,
        "42": 0.7313333333333333,
        "43": 0.7426666666666667,
        "44": 0.7786666666666666,
        "45": 0.778,
        "46": 0.65,
        "47": 0.6073333333333333,
        "48": 0.626,
        "49": 0.686,
        "50": 0.6393333333333333,
        "51": 0.6613333333333333,
        "52": 0.6166666666666667,
        "53": 0.7493333333333333,
        "54": 0.7553333333333333,
        "55": 0.7086666666666667,
        "56": 0.7486666666666667,
        "57": 0.698,
        "58": 0.6426666666666667,
        "59": 0.658,
        "60": 0.5933333333333334,
        "61": 0.7106666666666667,
        "62": 0.6193333333333333,
        "63": 0.5713333333333334,
        "64": 0.5906666666666667
      },
      "best_layer": 19,
      "err_by_dist": {
        "0": [
          0.3026052104208417,
          499
        ],
        "1": [
          0.09290709290709291,
          1001
        ]
      },
      "err_by_dir": {
        "-1": [
          0.07676767676767676,
          495
        ],
        "0": [
          0.3026052104208417,
          499
        ],
        "1": [
          0.10869565217391304,
          506
        ]
      }
    }
  }
}