{
  "model1": {
    "digits_paraphrase": {
      "acc_per_layer": {
        "1": 0.38066666666666665,
        "2": 0.6126666666666667,
        "3": 0.5773333333333334,
        "4": 0.494,
        "5": 0.6433333333333333,
        "6": 0.672,
        "7": 0.6726666666666666,
        "8": 0.67,
        "9": 0.6613333333333333,
        "10": 0.6606666666666666,
        "11": 0.7033333333333334,
        "12": 0.7293333333333333,
        "13": 0.7053333333333334,
        "14": 0.7046666666666667,
        "15": 0.7266666666666667,
        "16": 0.764,
        "17": 0.7993333333333333,
        "18": 0.7726666666666666,
        "19": 0.5473333333333333,
        "20": 0.7466666666666667,
        "21": 0.4886666666666667,
        "22": 0.5173333333333333,
        "23": 0.7613333333333333,
        "24": 0.6446666666666667,
        "25": 0.662,
        "26": 0.56,
        "27": 0.6306666666666667,
        "28": 0.758,
        "29": 0.672,
        "30": 0.6706666666666666,
        "31": 0.6193333333333333,
        "32": 0.644,
        "33": 0.7346666666666667,
        "34": 0.47733333333333333,
        "35": 0.7006666666666667,
        "36": 0.5706666666666667
      },
      "best_layer": 17,
      "err_by_dist": {
        "0": [
          0.17718940936863545,
          491
        ],
        "1": [
          0.21209117938553024,
          1009
        ]
      },
      "err_by_dir": {
        "-1": [
          0.22376237623762377,
          505
        ],
        "0": [
          0.17718940936863545,
          491
        ],
        "1": [
          0.2003968253968254,
          504
        ]
      }
    },
    "words": {
      "acc_per_layer": {
        "1": 0.6686666666666666,
        "2": 0.6673333333333333,
        "3": 0.6573333333333333,
        "4": 0.6613333333333333,
        "5": 0.58,
        "6": 0.534,
        "7": 0.658,
        "8": 0.6673333333333333,
        "9": 0.668,
        "10": 0.6613333333333333,
        "11": 0.6666666666666666,
        "12": 0.668,
        "13": 0.646,
        "14": 0.5693333333333334,
        "15": 0.5053333333333333,
        "16": 0.6353333333333333,
        "17": 0.518,
        "18": 0.5326666666666666,
        "19": 0.444,
        "20": 0.47933333333333333,
        "21": 0.47733333333333333,
        "22": 0.4026666666666667,
        "23": 0.4553333333333333,
        "24": 0.512,
        "25": 0.534,
        "26": 0.496,
        "27": 0.612,
        "28": 0.6606666666666666,
        "29": 0.4713333333333333,
        "30": 0.486,
        "31": 0.5606666666666666,
        "32": 0.602,
        "33": 0.5266666666666666,
        "34": 0.5513333333333333,
        "35": 0.522,
        "36": 0.502
      },
      "best_layer": 1,
      "err_by_dist": {
        "0": [
          0.9879759519038076,
          499
        ],
        "1": [
          0.003996003996003996,
          1001
        ]
      },
      "err_by_dir": {
        "-1": [
          0.00202020202020202,
          495
        ],
        "0": [
          0.9879759519038076,
          499
        ],
        "1": [
          0.005928853754940711,
          506
        ]
      }
    }
  }
}