{
  "model1": {
    "digits_paraphrase": {
      "acc_per_layer": {
        "1": 0.45,
        "2": 0.336,
        "3": 0.662,
        "4": 0.458,
        "5": 0.604,
        "6": 0.55,
        "7": 0.336,
        "8": 0.638,
        "9": 0.54,
        "10": 0.682,
        "11": 0.626,
        "12": 0.534,
        "13": 0.678,
        "14": 0.666,
        "15": 0.7,
        "16": 0.682,
        "17": 0.59,
        "18": 0.67,
        "19": 0.67,
        "20": 0.718,
        "21": 0.69,
        "22": 0.56,
        "23": 0.668,
        "24": 0.698,
        "25": 0.672,
        "26": 0.7,
        "27": 0.67,
        "28": 0.676
      },
      "best_layer": 20,
      "err_by_dist": {
        "0": [
          0.7454545454545455,
          165
        ],
        "1": [
          0.05373134328358209,
          335
        ]
      },
      "err_by_dir": {
        "-1": [
          0.0718562874251497,
          167
        ],
        "0": [
          0.7454545454545455,
          165
        ],
        "1": [
          0.03571428571428571,
          168
        ]
      }
    },
    "words": {
      "acc_per_layer": {
        "1": 0.64,
        "2": 0.36,
        "3": 0.64,
        "4": 0.64,
        "5": 0.64,
        "6": 0.36,
        "7": 0.36,
        "8": 0.438,
        "9": 0.566,
        "10": 0.588,
        "11": 0.59,
        "12": 0.518,
        "13": 0.476,
        "14": 0.454,
        "15": 0.416,
        "16": 0.606,
        "17": 0.472,
        "18": 0.504,
        "19": 0.64,
        "20": 0.5,
        "21": 0.64,
        "22": 0.64,
        "23": 0.64,
        "24": 0.586,
        "25": 0.64,
        "26": 0.64,
        "27": 0.64,
        "28": 0.64
      },
      "best_layer": 1,
      "err_by_dist": {
        "0": [
          1.0,
          180
        ],
        "1": [
          0.0,
          320
        ]
      },
      "err_by_dir": {
        "-1": [
          0.0,
          157
        ],
        "0": [
          1.0,
          180
        ],
        "1": [
          0.0,
          163
        ]
      }
    }
  }
}