{
  "model1": {
    "digits_paraphrase": {
      "acc_per_layer": {
        "1": 0.358,
        "2": 0.342,
        "3": 0.39466666666666667,
        "4": 0.43733333333333335,
        "5": 0.5813333333333334,
        "6": 0.6246666666666667,
        "7": 0.8253333333333334,
        "8": 0.7733333333333333,
        "9": 0.842,
        "10": 0.8906666666666667,
        "11": 0.9113333333333333,
        "12": 0.9686666666666667,
        "13": 0.8826666666666667,
        "14": 0.9586666666666667,
        "15": 0.9006666666666666,
        "16": 0.9153333333333333,
        "17": 0.9346666666666666,
        "18": 0.9486666666666667,
        "19": 0.9386666666666666,
        "20": 0.9373333333333334,
        "21": 0.88,
        "22": 0.6846666666666666,
        "23": 0.478,
        "24": 0.794,
        "25": 0.862,
        "26": 0.8293333333333334,
        "27": 0.6926666666666667,
        "28": 0.8073333333333333,
        "29": 0.6166666666666667,
        "30": 0.6646666666666666,
        "31": 0.8353333333333334,
        "32": 0.66,
        "33": 0.6486666666666666,
        "34": 0.51,
        "35": 0.3393333333333333,
        "36": 0.412,
        "37": 0.38866666666666666,
        "38": 0.34,
        "39": 0.566,
        "40": 0.376,
        "41": 0.7533333333333333,
        "42": 0.3566666666666667,
        "43": 0.36,
        "44": 0.4553333333333333,
        "45": 0.45666666666666667,
        "46": 0.6733333333333333,
        "47": 0.5526666666666666,
        "48": 0.7086666666666667,
        "49": 0.4,
        "50": 0.75,
        "51": 0.5193333333333333,
        "52": 0.4713333333333333,
        "53": 0.7786666666666666,
        "54": 0.5306666666666666,
        "55": 0.8,
        "56": 0.43933333333333335,
        "57": 0.48,
        "58": 0.7886666666666666,
        "59": 0.75,
        "60": 0.784,
        "61": 0.7346666666666667,
        "62": 0.768,
        "63": 0.7306666666666667,
        "64": 0.7313333333333333,
        "65": 0.6226666666666667,
        "66": 0.728,
        "67": 0.7386666666666667,
        "68": 0.628,
        "69": 0.7166666666666667,
        "70": 0.5613333333333334,
        "71": 0.352,
        "72": 0.38866666666666666
      },
      "best_layer": 12,
      "err_by_dist": {
        "0": [
          0.028513238289205704,
          491
        ],
        "1": [
          0.03270564915758176,
          1009
        ]
      },
      "err_by_dir": {
        "-1": [
          0.03564356435643564,
          505
        ],
        "0": [
          0.028513238289205704,
          491
        ],
        "1": [
          0.02976190476190476,
          504
        ]
      }
    },
    "words": {
      "acc_per_layer": {
        "1": 0.3406666666666667,
        "2": 0.392,
        "3": 0.37733333333333335,
        "4": 0.4086666666666667,
        "5": 0.5286666666666666,
        "6": 0.598,
        "7": 0.4726666666666667,
        "8": 0.44666666666666666,
        "9": 0.5826666666666667,
        "10": 0.57,
        "11": 0.554,
        "12": 0.6546666666666666,
        "13": 0.5673333333333334,
        "14": 0.6613333333333333,
        "15": 0.744,
        "16": 0.8,
        "17": 0.7593333333333333,
        "18": 0.6666666666666666,
        "19": 0.5986666666666667,
        "20": 0.6626666666666666,
        "21": 0.6086666666666667,
        "22": 0.526,
        "23": 0.516,
        "24": 0.5326666666666666,
        "25": 0.6646666666666666,
        "26": 0.5946666666666667,
        "27": 0.5333333333333333,
        "28": 0.5,
        "29": 0.48333333333333334,
        "30": 0.5033333333333333,
        "31": 0.62,
        "32": 0.462,
        "33": 0.5526666666666666,
        "34": 0.43333333333333335,
        "35": 0.35533333333333333,
        "36": 0.3973333333333333,
        "37": 0.5173333333333333,
        "38": 0.3586666666666667,
        "39": 0.6253333333333333,
        "40": 0.4806666666666667,
        "41": 0.6513333333333333,
        "42": 0.5313333333333333,
        "43": 0.5053333333333333,
        "44": 0.508,
        "45": 0.514,
        "46": 0.7293333333333333,
        "47": 0.668,
        "48": 0.6446666666666667,
        "49": 0.37666666666666665,
        "50": 0.606,
        "51": 0.368,
        "52": 0.402,
        "53": 0.5706666666666667,
        "54": 0.42333333333333334,
        "55": 0.5653333333333334,
        "56": 0.33866666666666667,
        "57": 0.344,
        "58": 0.43133333333333335,
        "59": 0.5566666666666666,
        "60": 0.36333333333333334,
        "61": 0.5326666666666666,
        "62": 0.37333333333333335,
        "63": 0.348,
        "64": 0.41333333333333333,
        "65": 0.3353333333333333,
        "66": 0.422,
        "67": 0.42,
        "68": 0.3333333333333333,
        "69": 0.3453333333333333,
        "70": 0.33266666666666667,
        "71": 0.33266666666666667,
        "72": 0.33266666666666667
      },
      "best_layer": 16,
      "err_by_dist": {
        "0": [
          0.4849699398797595,
          499
        ],
        "1": [
          0.057942057942057944,
          1001
        ]
      },
      "err_by_dir": {
        "-1": [
          0.06060606060606061,
          495
        ],
        "0": [
          0.4849699398797595,
          499
        ],
        "1": [
          0.05533596837944664,
          506
        ]
      }
    }
  }
}