{
  "model1": {
    "digits_paraphrase": {
      "acc_per_layer": {
        "1": 0.6366666666666667,
        "2": 0.6366666666666667,
        "3": 0.6366666666666667,
        "4": 0.6373333333333333,
        "5": 0.6326666666666667,
        "6": 0.6326666666666667,
        "7": 0.6313333333333333,
        "8": 0.6253333333333333,
        "9": 0.6326666666666667,
        "10": 0.6393333333333333,
        "11": 0.6066666666666667,
        "12": 0.6733333333333333,
        "13": 0.7666666666666667,
        "14": 0.7486666666666667,
        "15": 0.744,
        "16": 0.6586666666666666,
        "17": 0.6706666666666666,
        "18": 0.7246666666666667,
        "19": 0.674,
        "20": 0.69,
        "21": 0.6553333333333333,
        "22": 0.6473333333333333,
        "23": 0.6713333333333333,
        "24": 0.642,
        "25": 0.644,
        "26": 0.6433333333333333,
        "27": 0.6373333333333333,
        "28": 0.668,
        "29": 0.7113333333333334,
        "30": 0.71,
        "31": 0.6793333333333333,
        "32": 0.7006666666666667,
        "33": 0.6466666666666666,
        "34": 0.6493333333333333,
        "35": 0.6793333333333333,
        "36": 0.6566666666666666,
        "37": 0.654,
        "38": 0.6466666666666666,
        "39": 0.668,
        "40": 0.638,
        "41": 0.6373333333333333,
        "42": 0.6386666666666667,
        "43": 0.676,
        "44": 0.692,
        "45": 0.6853333333333333,
        "46": 0.6506666666666666,
        "47": 0.666,
        "48": 0.7126666666666667,
        "49": 0.66,
        "50": 0.718,
        "51": 0.7106666666666667,
        "52": 0.6793333333333333,
        "53": 0.6826666666666666,
        "54": 0.6646666666666666,
        "55": 0.7,
        "56": 0.7006666666666667,
        "57": 0.6833333333333333,
        "58": 0.7106666666666667,
        "59": 0.6886666666666666,
        "60": 0.5906666666666667,
        "61": 0.712,
        "62": 0.6673333333333333,
        "63": 0.6613333333333333,
        "64": 0.6386666666666667
      },
      "best_layer": 13,
      "err_by_dist": {
        "0": [
          0.4319526627218935,
          169
        ],
        "1": [
          0.3829787234042553,
          376
        ],
        "2": [
          0.08823529411764706,
          374
        ],
        "3": [
          0.2010178117048346,
          393
        ],
        "4": [
          0.11170212765957446,
          188
        ]
      },
      "err_by_dir": {
        "-1": [
          0.22809278350515463,
          776
        ],
        "0": [
          0.4319526627218935,
          169
        ],
        "1": [
          0.18018018018018017,
          555
        ]
      }
    },
    "words": {
      "acc_per_layer": {
        "1": 0.6293333333333333,
        "2": 0.6313333333333333,
        "3": 0.626,
        "4": 0.6193333333333333,
        "5": 0.6293333333333333,
        "6": 0.6286666666666667,
        "7": 0.624,
        "8": 0.5053333333333333,
        "9": 0.4573333333333333,
        "10": 0.52,
        "11": 0.5106666666666667,
        "12": 0.6446666666666667,
        "13": 0.6746666666666666,
        "14": 0.5706666666666667,
        "15": 0.5993333333333334,
        "16": 0.61,
        "17": 0.682,
        "18": 0.612,
        "19": 0.6906666666666667,
        "20": 0.652,
        "21": 0.6746666666666666,
        "22": 0.7486666666666667,
        "23": 0.646,
        "24": 0.7226666666666667,
        "25": 0.7106666666666667,
        "26": 0.7433333333333333,
        "27": 0.7406666666666667,
        "28": 0.6786666666666666,
        "29": 0.6066666666666667,
        "30": 0.6366666666666667,
        "31": 0.6413333333333333,
        "32": 0.7193333333333334,
        "33": 0.6953333333333334,
        "34": 0.732,
        "35": 0.6726666666666666,
        "36": 0.648,
        "37": 0.6993333333333334,
        "38": 0.678,
        "39": 0.5566666666666666,
        "40": 0.704,
        "41": 0.716,
        "42": 0.6346666666666667,
        "43": 0.612,
        "44": 0.5686666666666667,
        "45": 0.6306666666666667,
        "46": 0.6713333333333333,
        "47": 0.704,
        "48": 0.68,
        "49": 0.6986666666666667,
        "50": 0.672,
        "51": 0.6353333333333333,
        "52": 0.6793333333333333,
        "53": 0.648,
        "54": 0.6686666666666666,
        "55": 0.7113333333333334,
        "56": 0.7186666666666667,
        "57": 0.636,
        "58": 0.724,
        "59": 0.7206666666666667,
        "60": 0.6693333333333333,
        "61": 0.694,
        "62": 0.6166666666666667,
        "63": 0.6486666666666666,
        "64": 0.5853333333333334
      },
      "best_layer": 22,
      "err_by_dist": {
        "0": [
          0.521978021978022,
          182
        ],
        "1": [
          0.5281501340482574,
          373
        ],
        "2": [
          0.07238605898123325,
          373
        ],
        "3": [
          0.09819121447028424,
          387
        ],
        "4": [
          0.10810810810810811,
          185
        ]
      },
      "err_by_dir": {
        "-1": [
          0.19375812743823148,
          769
        ],
        "0": [
          0.521978021978022,
          182
        ],
        "1": [
          0.24225865209471767,
          549
        ]
      }
    }
  }
}