{
  "model1": {
    "digits_paraphrase": {
      "acc_per_layer": {
        "1": 0.6393333333333333,
        "2": 0.44133333333333336,
        "3": 0.42533333333333334,
        "4": 0.6286666666666667,
        "5": 0.554,
        "6": 0.574,
        "7": 0.37866666666666665,
        "8": 0.5913333333333334,
        "9": 0.46066666666666667,
        "10": 0.38333333333333336,
        "11": 0.494,
        "12": 0.59,
        "13": 0.6146666666666667,
        "14": 0.5513333333333333,
        "15": 0.6233333333333333,
        "16": 0.5486666666666666,
        "17": 0.39,
        "18": 0.43133333333333335,
        "19": 0.638,
        "20": 0.5273333333333333,
        "21": 0.628,
        "22": 0.504,
        "23": 0.6066666666666667,
        "24": 0.6413333333333333,
        "25": 0.586,
        "26": 0.628,
        "27": 0.65,
        "28": 0.6226666666666667,
        "29": 0.4026666666666667,
        "30": 0.5686666666666667,
        "31": 0.5773333333333334,
        "32": 0.5353333333333333,
        "33": 0.5606666666666666,
        "34": 0.44,
        "35": 0.36733333333333335,
        "36": 0.36333333333333334
      },
      "best_layer": 27,
      "err_by_dist": {
        "0": [
          0.6982248520710059,
          169
        ],
        "1": [
          0.6648936170212766,
          376
        ],
        "2": [
          0.0481283422459893,
          374
        ],
        "3": [
          0.2875318066157761,
          393
        ],
        "4": [
          0.13829787234042554,
          188
        ]
      },
      "err_by_dir": {
        "-1": [
          0.297680412371134,
          776
        ],
        "0": [
          0.6982248520710059,
          169
        ],
        "1": [
          0.3171171171171171,
          555
        ]
      }
    },
    "words": {
      "acc_per_layer": {
        "1": 0.502,
        "2": 0.37,
        "3": 0.38333333333333336,
        "4": 0.6226666666666667,
        "5": 0.61,
        "6": 0.5666666666666667,
        "7": 0.38533333333333336,
        "8": 0.5906666666666667,
        "9": 0.4666666666666667,
        "10": 0.37,
        "11": 0.4726666666666667,
        "12": 0.582,
        "13": 0.47533333333333333,
        "14": 0.46,
        "15": 0.57,
        "16": 0.48933333333333334,
        "17": 0.4886666666666667,
        "18": 0.6106666666666667,
        "19": 0.5193333333333333,
        "20": 0.44666666666666666,
        "21": 0.442,
        "22": 0.49933333333333335,
        "23": 0.5473333333333333,
        "24": 0.5073333333333333,
        "25": 0.5286666666666666,
        "26": 0.4786666666666667,
        "27": 0.49733333333333335,
        "28": 0.5386666666666666,
        "29": 0.4073333333333333,
        "30": 0.42733333333333334,
        "31": 0.48933333333333334,
        "32": 0.49066666666666664,
        "33": 0.49933333333333335,
        "34": 0.38066666666666665,
        "35": 0.398,
        "36": 0.5393333333333333
      },
      "best_layer": 4,
      "err_by_dist": {
        "0": [
          0.978021978021978,
          182
        ],
        "1": [
          0.9624664879356568,
          373
        ],
        "2": [
          0.029490616621983913,
          373
        ],
        "3": [
          0.03617571059431524,
          387
        ],
        "4": [
          0.021621621621621623,
          185
        ]
      },
      "err_by_dir": {
        "-1": [
          0.2535760728218466,
          769
        ],
        "0": [
          0.978021978021978,
          182
        ],
        "1": [
          0.35154826958105645,
          549
        ]
      }
    }
  }
}