{
  "model1": {
    "digits_paraphrase": {
      "acc_per_layer": {
        "1": 0.6233333333333333,
        "2": 0.43866666666666665,
        "3": 0.43,
        "4": 0.59,
        "5": 0.6393333333333333,
        "6": 0.6313333333333333,
        "7": 0.5653333333333334,
        "8": 0.726,
        "9": 0.6206666666666667,
        "10": 0.574,
        "11": 0.6846666666666666,
        "12": 0.66,
        "13": 0.642,
        "14": 0.614,
        "15": 0.6686666666666666,
        "16": 0.68,
        "17": 0.36733333333333335,
        "18": 0.38266666666666665,
        "19": 0.6386666666666667,
        "20": 0.696,
        "21": 0.676,
        "22": 0.5853333333333334,
        "23": 0.6266666666666667,
        "24": 0.6886666666666666,
        "25": 0.6426666666666667,
        "26": 0.6466666666666666,
        "27": 0.654,
        "28": 0.6426666666666667,
        "29": 0.5153333333333333,
        "30": 0.6353333333333333,
        "31": 0.626,
        "32": 0.654,
        "33": 0.642,
        "34": 0.5986666666666667,
        "35": 0.38466666666666666,
        "36": 0.5446666666666666
      },
      "best_layer": 8,
      "err_by_dist": {
        "0": [
          0.5029585798816568,
          169
        ],
        "1": [
          0.6835106382978723,
          376
        ],
        "2": [
          0.016042780748663103,
          374
        ],
        "3": [
          0.13231552162849872,
          393
        ],
        "4": [
          0.05851063829787234,
          188
        ]
      },
      "err_by_dir": {
        "-1": [
          0.23067010309278352,
          776
        ],
        "0": [
          0.5029585798816568,
          169
        ],
        "1": [
          0.2648648648648649,
          555
        ]
      }
    },
    "words": {
      "acc_per_layer": {
        "1": 0.63,
        "2": 0.4806666666666667,
        "3": 0.5153333333333333,
        "4": 0.6006666666666667,
        "5": 0.544,
        "6": 0.628,
        "7": 0.5246666666666666,
        "8": 0.6026666666666667,
        "9": 0.486,
        "10": 0.5086666666666667,
        "11": 0.49933333333333335,
        "12": 0.558,
        "13": 0.6146666666666667,
        "14": 0.556,
        "15": 0.5533333333333333,
        "16": 0.5686666666666667,
        "17": 0.4033333333333333,
        "18": 0.464,
        "19": 0.558,
        "20": 0.4846666666666667,
        "21": 0.43466666666666665,
        "22": 0.47,
        "23": 0.5386666666666666,
        "24": 0.562,
        "25": 0.5713333333333334,
        "26": 0.5926666666666667,
        "27": 0.5773333333333334,
        "28": 0.6246666666666667,
        "29": 0.4766666666666667,
        "30": 0.578,
        "31": 0.5766666666666667,
        "32": 0.54,
        "33": 0.5546666666666666,
        "34": 0.47733333333333333,
        "35": 0.48733333333333334,
        "36": 0.5686666666666667
      },
      "best_layer": 1,
      "err_by_dist": {
        "0": [
          1.0,
          182
        ],
        "1": [
          1.0,
          373
        ],
        "2": [
          0.0,
          373
        ],
        "3": [
          0.0,
          387
        ],
        "4": [
          0.0,
          185
        ]
      },
      "err_by_dir": {
        "-1": [
          0.23927178153446033,
          769
        ],
        "0": [
          1.0,
          182
        ],
        "1": [
          0.3442622950819672,
          549
        ]
      }
    }
  }
}