{
  "model1": {
    "digits_paraphrase": {
      "acc_per_layer": {
        "1": 0.622,
        "2": 0.626,
        "3": 0.406,
        "4": 0.626,
        "5": 0.454,
        "6": 0.644,
        "7": 0.634,
        "8": 0.642,
        "9": 0.652,
        "10": 0.62,
        "11": 0.644,
        "12": 0.642,
        "13": 0.634,
        "14": 0.642,
        "15": 0.628,
        "16": 0.632,
        "17": 0.634,
        "18": 0.592,
        "19": 0.38,
        "20": 0.62,
        "21": 0.64,
        "22": 0.636,
        "23": 0.626,
        "24": 0.64,
        "25": 0.612,
        "26": 0.604,
        "27": 0.592,
        "28": 0.626
      },
      "best_layer": 9,
      "err_by_dist": {
        "0": [
          0.7692307692307693,
          65
        ],
        "1": [
          0.816,
          125
        ],
        "2": [
          0.008064516129032258,
          124
        ],
        "3": [
          0.15151515151515152,
          132
        ],
        "4": [
          0.018518518518518517,
          54
        ]
      },
      "err_by_dir": {
        "-1": [
          0.23529411764705882,
          255
        ],
        "0": [
          0.7692307692307693,
          65
        ],
        "1": [
          0.35555555555555557,
          180
        ]
      }
    },
    "words": {
      "acc_per_layer": {
        "1": 0.656,
        "2": 0.656,
        "3": 0.344,
        "4": 0.344,
        "5": 0.344,
        "6": 0.386,
        "7": 0.382,
        "8": 0.398,
        "9": 0.502,
        "10": 0.656,
        "11": 0.656,
        "12": 0.656,
        "13": 0.62,
        "14": 0.498,
        "15": 0.656,
        "16": 0.57,
        "17": 0.656,
        "18": 0.436,
        "19": 0.346,
        "20": 0.658,
        "21": 0.642,
        "22": 0.59,
        "23": 0.374,
        "24": 0.594,
        "25": 0.398,
        "26": 0.456,
        "27": 0.37,
        "28": 0.656
      },
      "best_layer": 20,
      "err_by_dist": {
        "0": [
          0.9846153846153847,
          65
        ],
        "1": [
          1.0,
          107
        ],
        "2": [
          0.0,
          135
        ],
        "3": [
          0.0,
          130
        ],
        "4": [
          0.0,
          63
        ]
      },
      "err_by_dir": {
        "-1": [
          0.21138211382113822,
          246
        ],
        "0": [
          0.9846153846153847,
          65
        ],
        "1": [
          0.291005291005291,
          189
        ]
      }
    }
  }
}