{
  "model1": {
    "digits_paraphrase": {
      "acc_per_layer": {
        "1": 0.6293333333333333,
        "2": 0.636,
        "3": 0.638,
        "4": 0.6226666666666667,
        "5": 0.64,
        "6": 0.7626666666666667,
        "7": 0.7466666666666667,
        "8": 0.75,
        "9": 0.762,
        "10": 0.784,
        "11": 0.8373333333333334,
        "12": 0.7873333333333333,
        "13": 0.7753333333333333,
        "14": 0.89,
        "15": 0.8773333333333333,
        "16": 0.8946666666666667,
        "17": 0.8566666666666667,
        "18": 0.7286666666666667,
        "19": 0.8413333333333334,
        "20": 0.8553333333333333,
        "21": 0.7746666666666666,
        "22": 0.816,
        "23": 0.792,
        "24": 0.758,
        "25": 0.7966666666666666,
        "26": 0.75,
        "27": 0.688,
        "28": 0.7866666666666666,
        "29": 0.6986666666666667,
        "30": 0.7146666666666667,
        "31": 0.7473333333333333,
        "32": 0.7466666666666667,
        "33": 0.712,
        "34": 0.7286666666666667,
        "35": 0.5833333333333334,
        "36": 0.6686666666666666,
        "37": 0.6906666666666667,
        "38": 0.6686666666666666,
        "39": 0.6993333333333334,
        "40": 0.706,
        "41": 0.6546666666666666,
        "42": 0.7266666666666667,
        "43": 0.6793333333333333,
        "44": 0.6846666666666666,
        "45": 0.654,
        "46": 0.6733333333333333,
        "47": 0.684,
        "48": 0.6853333333333333,
        "49": 0.6713333333333333,
        "50": 0.6393333333333333,
        "51": 0.6366666666666667,
        "52": 0.6373333333333333,
        "53": 0.6726666666666666,
        "54": 0.638,
        "55": 0.6546666666666666,
        "56": 0.6413333333333333,
        "57": 0.6393333333333333,
        "58": 0.6653333333333333,
        "59": 0.622,
        "60": 0.6653333333333333,
        "61": 0.6533333333333333,
        "62": 0.6313333333333333,
        "63": 0.652,
        "64": 0.6466666666666666,
        "65": 0.6206666666666667,
        "66": 0.648,
        "67": 0.6126666666666667,
        "68": 0.6073333333333333,
        "69": 0.5886666666666667,
        "70": 0.6453333333333333,
        "71": 0.638,
        "72": 0.6366666666666667
      },
      "best_layer": 16,
      "err_by_dist": {
        "0": [
          0.07692307692307693,
          169
        ],
        "1": [
          0.1675531914893617,
          376
        ],
        "2": [
          0.08288770053475936,
          374
        ],
        "3": [
          0.09669211195928754,
          393
        ],
        "4": [
          0.06914893617021277,
          188
        ]
      },
      "err_by_dir": {
        "-1": [
          0.1056701030927835,
          776
        ],
        "0": [
          0.07692307692307693,
          169
        ],
        "1": [
          0.11351351351351352,
          555
        ]
      }
    },
    "words": {
      "acc_per_layer": {
        "1": 0.5873333333333334,
        "2": 0.6166666666666667,
        "3": 0.622,
        "4": 0.6046666666666667,
        "5": 0.6286666666666667,
        "6": 0.6273333333333333,
        "7": 0.6026666666666667,
        "8": 0.6586666666666666,
        "9": 0.6253333333333333,
        "10": 0.6433333333333333,
        "11": 0.586,
        "12": 0.632,
        "13": 0.646,
        "14": 0.62,
        "15": 0.634,
        "16": 0.6373333333333333,
        "17": 0.6333333333333333,
        "18": 0.6426666666666667,
        "19": 0.6506666666666666,
        "20": 0.6473333333333333,
        "21": 0.6206666666666667,
        "22": 0.6433333333333333,
        "23": 0.6326666666666667,
        "24": 0.5786666666666667,
        "25": 0.5953333333333334,
        "26": 0.5686666666666667,
        "27": 0.602,
        "28": 0.6406666666666667,
        "29": 0.642,
        "30": 0.6326666666666667,
        "31": 0.6066666666666667,
        "32": 0.6426666666666667,
        "33": 0.634,
        "34": 0.5493333333333333,
        "35": 0.478,
        "36": 0.5906666666666667,
        "37": 0.5353333333333333,
        "38": 0.49866666666666665,
        "39": 0.5773333333333334,
        "40": 0.5186666666666667,
        "41": 0.5953333333333334,
        "42": 0.522,
        "43": 0.5193333333333333,
        "44": 0.44,
        "45": 0.4653333333333333,
        "46": 0.4846666666666667,
        "47": 0.44533333333333336,
        "48": 0.516,
        "49": 0.522,
        "50": 0.5766666666666667,
        "51": 0.6086666666666667,
        "52": 0.5866666666666667,
        "53": 0.5686666666666667,
        "54": 0.652,
        "55": 0.6173333333333333,
        "56": 0.42333333333333334,
        "57": 0.53,
        "58": 0.4746666666666667,
        "59": 0.4553333333333333,
        "60": 0.538,
        "61": 0.49,
        "62": 0.49733333333333335,
        "63": 0.5573333333333333,
        "64": 0.6293333333333333,
        "65": 0.528,
        "66": 0.596,
        "67": 0.4786666666666667,
        "68": 0.512,
        "69": 0.47533333333333333,
        "70": 0.5906666666666667,
        "71": 0.6066666666666667,
        "72": 0.6446666666666667
      },
      "best_layer": 8,
      "err_by_dist": {
        "0": [
          0.7747252747252747,
          182
        ],
        "1": [
          0.8096514745308311,
          373
        ],
        "2": [
          0.03753351206434316,
          373
        ],
        "3": [
          0.10852713178294573,
          387
        ],
        "4": [
          0.07027027027027027,
          185
        ]
      },
      "err_by_dir": {
        "-1": [
          0.25227568270481143,
          769
        ],
        "0": [
          0.7747252747252747,
          182
        ],
        "1": [
          0.3224043715846995,
          549
        ]
      }
    }
  }
}