{
  "model1": {
    "digits_paraphrase": {
      "acc_per_layer": {
        "1": 0.5673333333333334,
        "2": 0.5266666666666666,
        "3": 0.5046666666666667,
        "4": 0.55,
        "5": 0.5106666666666667,
        "6": 0.5453333333333333,
        "7": 0.5506666666666666,
        "8": 0.5826666666666667,
        "9": 0.552,
        "10": 0.58,
        "11": 0.558,
        "12": 0.5486666666666666,
        "13": 0.55,
        "14": 0.528,
        "15": 0.618,
        "16": 0.574,
        "17": 0.5513333333333333,
        "18": 0.5853333333333334,
        "19": 0.574,
        "20": 0.5453333333333333,
        "21": 0.578,
        "22": 0.5486666666666666,
        "23": 0.536,
        "24": 0.5313333333333333,
        "25": 0.5333333333333333,
        "26": 0.6086666666666667,
        "27": 0.5333333333333333,
        "28": 0.5593333333333333,
        "29": 0.5006666666666667,
        "30": 0.5106666666666667,
        "31": 0.5053333333333333,
        "32": 0.5773333333333334,
        "33": 0.566,
        "34": 0.5413333333333333,
        "35": 0.5586666666666666,
        "36": 0.522,
        "37": 0.524,
        "38": 0.52,
        "39": 0.5366666666666666,
        "40": 0.516,
        "41": 0.5573333333333333,
        "42": 0.5066666666666667,
        "43": 0.5,
        "44": 0.5
      },
      "best_layer": 15,
      "err_by_dist": {
        "0": [
          0.5296610169491526,
          236
        ],
        "1": [
          0.42217898832684825,
          514
        ],
        "2": [
          0.21212121212121213,
          495
        ],
        "3": [
          0.49411764705882355,
          255
        ]
      },
      "err_by_dir": {
        "-1": [
          0.38584779706275035,
          749
        ],
        "0": [
          0.5296610169491526,
          236
        ],
        "1": [
          0.3087378640776699,
          515
        ]
      }
    },
    "words": {
      "acc_per_layer": {
        "1": 0.538,
        "2": 0.51,
        "3": 0.5573333333333333,
        "4": 0.554,
        "5": 0.5646666666666667,
        "6": 0.5426666666666666,
        "7": 0.5413333333333333,
        "8": 0.5406666666666666,
        "9": 0.556,
        "10": 0.564,
        "11": 0.532,
        "12": 0.5426666666666666,
        "13": 0.5433333333333333,
        "14": 0.54,
        "15": 0.5373333333333333,
        "16": 0.5106666666666667,
        "17": 0.5286666666666666,
        "18": 0.524,
        "19": 0.538,
        "20": 0.542,
        "21": 0.5193333333333333,
        "22": 0.5173333333333333,
        "23": 0.538,
        "24": 0.49933333333333335,
        "25": 0.5273333333333333,
        "26": 0.5226666666666666,
        "27": 0.5486666666666666,
        "28": 0.5306666666666666,
        "29": 0.5493333333333333,
        "30": 0.5466666666666666,
        "31": 0.5286666666666666,
        "32": 0.5146666666666667,
        "33": 0.516,
        "34": 0.516,
        "35": 0.5366666666666666,
        "36": 0.5013333333333333,
        "37": 0.52,
        "38": 0.5133333333333333,
        "39": 0.5253333333333333,
        "40": 0.5073333333333333,
        "41": 0.56,
        "42": 0.5386666666666666,
        "43": 0.5273333333333333,
        "44": 0.5006666666666667
      },
      "best_layer": 5,
      "err_by_dist": {
        "0": [
          0.5778688524590164,
          244
        ],
        "1": [
          0.29306930693069305,
          505
        ],
        "2": [
          0.3971774193548387,
          496
        ],
        "3": [
          0.6549019607843137,
          255
        ]
      },
      "err_by_dir": {
        "-1": [
          0.46612466124661245,
          738
        ],
        "0": [
          0.5778688524590164,
          244
        ],
        "1": [
          0.32432432432432434,
          518
        ]
      }
    }
  }
}