{
  "model1": {
    "digits_paraphrase": {
      "acc_per_layer": {
        "1": 0.6466666666666666,
        "2": 0.628,
        "3": 0.6306666666666667,
        "4": 0.634,
        "5": 0.652,
        "6": 0.6506666666666666,
        "7": 0.6426666666666667,
        "8": 0.6446666666666667,
        "9": 0.6393333333333333,
        "10": 0.6366666666666667,
        "11": 0.6786666666666666,
        "12": 0.7033333333333334,
        "13": 0.6433333333333333,
        "14": 0.6986666666666667,
        "15": 0.6413333333333333,
        "16": 0.6706666666666666,
        "17": 0.642,
        "18": 0.6373333333333333,
        "19": 0.644,
        "20": 0.67,
        "21": 0.5513333333333333,
        "22": 0.5206666666666667,
        "23": 0.6326666666666667,
        "24": 0.6446666666666667,
        "25": 0.6453333333333333,
        "26": 0.6506666666666666,
        "27": 0.644,
        "28": 0.642,
        "29": 0.6566666666666666,
        "30": 0.6446666666666667,
        "31": 0.6566666666666666,
        "32": 0.664,
        "33": 0.6506666666666666,
        "34": 0.5766666666666667,
        "35": 0.656,
        "36": 0.614,
        "37": 0.6333333333333333,
        "38": 0.6373333333333333,
        "39": 0.6366666666666667,
        "40": 0.6373333333333333,
        "41": 0.636,
        "42": 0.6373333333333333,
        "43": 0.6366666666666667,
        "44": 0.6366666666666667
      },
      "best_layer": 12,
      "err_by_dist": {
        "0": [
          0.5384615384615384,
          169
        ],
        "1": [
          0.6143617021276596,
          376
        ],
        "2": [
          0.029411764705882353,
          374
        ],
        "3": [
          0.2748091603053435,
          393
        ],
        "4": [
          0.02127659574468085,
          188
        ]
      },
      "err_by_dir": {
        "-1": [
          0.24484536082474226,
          776
        ],
        "0": [
          0.5384615384615384,
          169
        ],
        "1": [
          0.2954954954954955,
          555
        ]
      }
    },
    "words": {
      "acc_per_layer": {
        "1": 0.4646666666666667,
        "2": 0.612,
        "3": 0.63,
        "4": 0.6213333333333333,
        "5": 0.6333333333333333,
        "6": 0.512,
        "7": 0.6013333333333334,
        "8": 0.64,
        "9": 0.6166666666666667,
        "10": 0.586,
        "11": 0.5513333333333333,
        "12": 0.6093333333333333,
        "13": 0.652,
        "14": 0.592,
        "15": 0.6546666666666666,
        "16": 0.5713333333333334,
        "17": 0.65,
        "18": 0.6546666666666666,
        "19": 0.62,
        "20": 0.6573333333333333,
        "21": 0.542,
        "22": 0.574,
        "23": 0.5953333333333334,
        "24": 0.612,
        "25": 0.6166666666666667,
        "26": 0.648,
        "27": 0.6426666666666667,
        "28": 0.6613333333333333,
        "29": 0.65,
        "30": 0.65,
        "31": 0.5866666666666667,
        "32": 0.6506666666666666,
        "33": 0.606,
        "34": 0.5913333333333334,
        "35": 0.5966666666666667,
        "36": 0.4106666666666667,
        "37": 0.61,
        "38": 0.576,
        "39": 0.5666666666666667,
        "40": 0.5986666666666667,
        "41": 0.6166666666666667,
        "42": 0.638,
        "43": 0.6273333333333333,
        "44": 0.63
      },
      "best_layer": 28,
      "err_by_dist": {
        "0": [
          0.6648351648351648,
          182
        ],
        "1": [
          0.7184986595174263,
          373
        ],
        "2": [
          0.024128686327077747,
          373
        ],
        "3": [
          0.25839793281653745,
          387
        ],
        "4": [
          0.05405405405405406,
          185
        ]
      },
      "err_by_dir": {
        "-1": [
          0.24187256176853056,
          769
        ],
        "0": [
          0.6648351648351648,
          182
        ],
        "1": [
          0.366120218579235,
          549
        ]
      }
    }
  }
}