{
  "model1": {
    "digits_paraphrase": {
      "acc_per_layer": {
        "1": 0.9813333333333333,
        "2": 0.9813333333333333,
        "3": 0.9786666666666667,
        "4": 0.9786666666666667,
        "5": 0.9786666666666667,
        "6": 0.9926666666666667,
        "7": 0.9926666666666667,
        "8": 0.972,
        "9": 0.9926666666666667,
        "10": 0.998,
        "11": 0.9953333333333333,
        "12": 0.9926666666666667,
        "13": 0.932,
        "14": 0.9633333333333334,
        "15": 0.9933333333333333,
        "16": 0.9906666666666667,
        "17": 0.9826666666666667,
        "18": 0.9746666666666667,
        "19": 0.9833333333333333,
        "20": 0.9626666666666667,
        "21": 0.936,
        "22": 0.8986666666666666,
        "23": 0.9366666666666666,
        "24": 0.914,
        "25": 0.848,
        "26": 0.9353333333333333,
        "27": 0.8853333333333333,
        "28": 0.8793333333333333,
        "29": 0.9426666666666667,
        "30": 0.892,
        "31": 0.95,
        "32": 0.9286666666666666,
        "33": 0.9186666666666666,
        "34": 0.9413333333333334,
        "35": 0.9226666666666666,
        "36": 0.9353333333333333,
        "37": 0.916,
        "38": 0.9306666666666666,
        "39": 0.8753333333333333,
        "40": 0.8686666666666667,
        "41": 0.9113333333333333,
        "42": 0.836,
        "43": 0.9026666666666666,
        "44": 0.8113333333333334,
        "45": 0.8713333333333333,
        "46": 0.896,
        "47": 0.9006666666666666,
        "48": 0.8933333333333333,
        "49": 0.822,
        "50": 0.844,
        "51": 0.8646666666666667,
        "52": 0.712,
        "53": 0.7266666666666667,
        "54": 0.8533333333333334,
        "55": 0.8453333333333334,
        "56": 0.8133333333333334,
        "57": 0.8226666666666667,
        "58": 0.846,
        "59": 0.7973333333333333,
        "60": 0.7373333333333333,
        "61": 0.8366666666666667,
        "62": 0.5613333333333334,
        "63": 0.304,
        "64": 0.84
      },
      "best_layer": 10,
      "err_by_dist": {
        "0": [
          0.014705882352941176,
          136
        ],
        "1": [
          0.0031446540880503146,
          318
        ],
        "2": [
          0.0,
          296
        ],
        "3": [
          0.0,
          308
        ],
        "4": [
          0.0,
          299
        ],
        "5": [
          0.0,
          143
        ]
      },
      "err_by_dir": {
        "-1": [
          0.0,
          763
        ],
        "0": [
          0.014705882352941176,
          136
        ],
        "1": [
          0.0016638935108153079,
          601
        ]
      }
    },
    "words": {
      "acc_per_layer": {
        "1": 0.7873333333333333,
        "2": 0.7966666666666666,
        "3": 0.7446666666666667,
        "4": 0.752,
        "5": 0.814,
        "6": 0.81,
        "7": 0.7986666666666666,
        "8": 0.7826666666666666,
        "9": 0.7946666666666666,
        "10": 0.8013333333333333,
        "11": 0.8086666666666666,
        "12": 0.6826666666666666,
        "13": 0.676,
        "14": 0.6613333333333333,
        "15": 0.814,
        "16": 0.7753333333333333,
        "17": 0.7226666666666667,
        "18": 0.6306666666666667,
        "19": 0.588,
        "20": 0.7013333333333334,
        "21": 0.628,
        "22": 0.586,
        "23": 0.5913333333333334,
        "24": 0.582,
        "25": 0.5926666666666667,
        "26": 0.5953333333333334,
        "27": 0.5946666666666667,
        "28": 0.66,
        "29": 0.6013333333333334,
        "30": 0.61,
        "31": 0.636,
        "32": 0.7253333333333334,
        "33": 0.8186666666666667,
        "34": 0.636,
        "35": 0.6166666666666667,
        "36": 0.5966666666666667,
        "37": 0.5993333333333334,
        "38": 0.6613333333333333,
        "39": 0.5986666666666667,
        "40": 0.5893333333333334,
        "41": 0.6646666666666666,
        "42": 0.596,
        "43": 0.5953333333333334,
        "44": 0.6006666666666667,
        "45": 0.6566666666666666,
        "46": 0.6266666666666667,
        "47": 0.6293333333333333,
        "48": 0.6793333333333333,
        "49": 0.6553333333333333,
        "50": 0.6353333333333333,
        "51": 0.6633333333333333,
        "52": 0.594,
        "53": 0.5666666666666667,
        "54": 0.5893333333333334,
        "55": 0.6706666666666666,
        "56": 0.704,
        "57": 0.6713333333333333,
        "58": 0.666,
        "59": 0.5873333333333334,
        "60": 0.43733333333333335,
        "61": 0.5873333333333334,
        "62": 0.6706666666666666,
        "63": 0.5373333333333333,
        "64": 0.5566666666666666
      },
      "best_layer": 33,
      "err_by_dist": {
        "0": [
          0.35,
          140
        ],
        "1": [
          0.4263322884012539,
          319
        ],
        "2": [
          0.08680555555555555,
          288
        ],
        "3": [
          0.05405405405405406,
          296
        ],
        "4": [
          0.08333333333333333,
          312
        ],
        "5": [
          0.13793103448275862,
          145
        ]
      },
      "err_by_dir": {
        "-1": [
          0.14496644295302014,
          745
        ],
        "0": [
          0.35,
          140
        ],
        "1": [
          0.18699186991869918,
          615
        ]
      }
    }
  }
}