{
  "model1": {
    "digits_paraphrase": {
      "acc_per_layer": {
        "1": 0.51,
        "2": 0.512,
        "3": 0.548,
        "4": 0.498,
        "5": 0.512,
        "6": 0.542,
        "7": 0.574,
        "8": 0.502,
        "9": 0.554,
        "10": 0.55,
        "11": 0.572,
        "12": 0.502,
        "13": 0.546,
        "14": 0.524,
        "15": 0.52,
        "16": 0.588,
        "17": 0.592,
        "18": 0.534,
        "19": 0.56,
        "20": 0.586,
        "21": 0.538,
        "22": 0.502,
        "23": 0.5,
        "24": 0.582,
        "25": 0.526,
        "26": 0.6,
        "27": 0.606,
        "28": 0.626
      },
      "best_layer": 28,
      "err_by_dist": {
        "0": [
          0.6962025316455697,
          79
        ],
        "1": [
          0.13450292397660818,
          171
        ],
        "2": [
          0.25,
          164
        ],
        "3": [
          0.7906976744186046,
          86
        ]
      },
      "err_by_dir": {
        "-1": [
          0.3724696356275304,
          247
        ],
        "0": [
          0.6962025316455697,
          79
        ],
        "1": [
          0.22988505747126436,
          174
        ]
      }
    },
    "words": {
      "acc_per_layer": {
        "1": 0.506,
        "2": 0.506,
        "3": 0.506,
        "4": 0.506,
        "5": 0.506,
        "6": 0.506,
        "7": 0.506,
        "8": 0.506,
        "9": 0.518,
        "10": 0.474,
        "11": 0.496,
        "12": 0.466,
        "13": 0.476,
        "14": 0.508,
        "15": 0.542,
        "16": 0.496,
        "17": 0.496,
        "18": 0.494,
        "19": 0.496,
        "20": 0.488,
        "21": 0.526,
        "22": 0.504,
        "23": 0.506,
        "24": 0.506,
        "25": 0.512,
        "26": 0.502,
        "27": 0.506,
        "28": 0.496
      },
      "best_layer": 15,
      "err_by_dist": {
        "0": [
          0.37755102040816324,
          98
        ],
        "1": [
          0.2903225806451613,
          155
        ],
        "2": [
          0.5636363636363636,
          165
        ],
        "3": [
          0.6585365853658537,
          82
        ]
      },
      "err_by_dir": {
        "-1": [
          0.5128205128205128,
          234
        ],
        "0": [
          0.37755102040816324,
          98
        ],
        "1": [
          0.42857142857142855,
          168
        ]
      }
    }
  }
}