{
  "model1": {
    "digits_paraphrase": {
      "acc_per_layer": {
        "1": 0.5126666666666667,
        "2": 0.506,
        "3": 0.508,
        "4": 0.5346666666666666,
        "5": 0.49933333333333335,
        "6": 0.5533333333333333,
        "7": 0.5566666666666666,
        "8": 0.5706666666666667,
        "9": 0.5173333333333333,
        "10": 0.524,
        "11": 0.5246666666666666,
        "12": 0.5346666666666666,
        "13": 0.58,
        "14": 0.574,
        "15": 0.5073333333333333,
        "16": 0.5933333333333334,
        "17": 0.6173333333333333,
        "18": 0.54,
        "19": 0.5093333333333333,
        "20": 0.6073333333333333,
        "21": 0.582,
        "22": 0.5853333333333334,
        "23": 0.5606666666666666,
        "24": 0.5153333333333333,
        "25": 0.5686666666666667,
        "26": 0.544,
        "27": 0.504,
        "28": 0.5373333333333333,
        "29": 0.5693333333333334,
        "30": 0.5,
        "31": 0.5266666666666666,
        "32": 0.498,
        "33": 0.5133333333333333,
        "34": 0.54,
        "35": 0.5013333333333333,
        "36": 0.502
      },
      "best_layer": 17,
      "err_by_dist": {
        "0": [
          0.826271186440678,
          236
        ],
        "1": [
          0.3346303501945525,
          514
        ],
        "2": [
          0.15757575757575756,
          495
        ],
        "3": [
          0.5058823529411764,
          255
        ]
      },
      "err_by_dir": {
        "-1": [
          0.3417890520694259,
          749
        ],
        "0": [
          0.826271186440678,
          236
        ],
        "1": [
          0.23883495145631067,
          515
        ]
      }
    },
    "words": {
      "acc_per_layer": {
        "1": 0.5026666666666667,
        "2": 0.506,
        "3": 0.49666666666666665,
        "4": 0.49733333333333335,
        "5": 0.5006666666666667,
        "6": 0.498,
        "7": 0.4826666666666667,
        "8": 0.4886666666666667,
        "9": 0.49533333333333335,
        "10": 0.5086666666666667,
        "11": 0.5006666666666667,
        "12": 0.512,
        "13": 0.51,
        "14": 0.49866666666666665,
        "15": 0.5066666666666667,
        "16": 0.5093333333333333,
        "17": 0.49933333333333335,
        "18": 0.47333333333333333,
        "19": 0.48933333333333334,
        "20": 0.4806666666666667,
        "21": 0.52,
        "22": 0.5,
        "23": 0.49533333333333335,
        "24": 0.47933333333333333,
        "25": 0.48533333333333334,
        "26": 0.49933333333333335,
        "27": 0.49933333333333335,
        "28": 0.49333333333333335,
        "29": 0.5086666666666667,
        "30": 0.5106666666666667,
        "31": 0.5006666666666667,
        "32": 0.5066666666666667,
        "33": 0.49,
        "34": 0.492,
        "35": 0.48733333333333334,
        "36": 0.4846666666666667
      },
      "best_layer": 21,
      "err_by_dist": {
        "0": [
          0.5942622950819673,
          244
        ],
        "1": [
          0.5821782178217821,
          505
        ],
        "2": [
          0.3850806451612903,
          496
        ],
        "3": [
          0.35294117647058826,
          255
        ]
      },
      "err_by_dir": {
        "-1": [
          0.4363143631436314,
          738
        ],
        "0": [
          0.5942622950819673,
          244
        ],
        "1": [
          0.48841698841698844,
          518
        ]
      }
    }
  }
}