{
  "model1": {
    "digits_paraphrase": {
      "acc_per_layer": {
        "1": 0.532,
        "2": 0.5326666666666666,
        "3": 0.49866666666666665,
        "4": 0.5,
        "5": 0.49933333333333335,
        "6": 0.574,
        "7": 0.5526666666666666,
        "8": 0.5726666666666667,
        "9": 0.5686666666666667,
        "10": 0.5553333333333333,
        "11": 0.5146666666666667,
        "12": 0.5453333333333333,
        "13": 0.5706666666666667,
        "14": 0.5753333333333334,
        "15": 0.582,
        "16": 0.5193333333333333,
        "17": 0.49933333333333335,
        "18": 0.542,
        "19": 0.5493333333333333,
        "20": 0.5506666666666666,
        "21": 0.5233333333333333,
        "22": 0.534,
        "23": 0.558,
        "24": 0.5133333333333333,
        "25": 0.5,
        "26": 0.504,
        "27": 0.5026666666666667,
        "28": 0.5146666666666667,
        "29": 0.502,
        "30": 0.5133333333333333,
        "31": 0.5193333333333333,
        "32": 0.5,
        "33": 0.5073333333333333,
        "34": 0.5473333333333333,
        "35": 0.5006666666666667,
        "36": 0.5426666666666666
      },
      "best_layer": 15,
      "err_by_dist": {
        "0": [
          0.8347457627118644,
          236
        ],
        "1": [
          0.6809338521400778,
          514
        ],
        "2": [
          0.052525252525252523,
          495
        ],
        "3": [
          0.21176470588235294,
          255
        ]
      },
      "err_by_dir": {
        "-1": [
          0.32443257676902537,
          749
        ],
        "0": [
          0.8347457627118644,
          236
        ],
        "1": [
          0.36310679611650487,
          515
        ]
      }
    },
    "words": {
      "acc_per_layer": {
        "1": 0.5006666666666667,
        "2": 0.5006666666666667,
        "3": 0.5006666666666667,
        "4": 0.49933333333333335,
        "5": 0.5006666666666667,
        "6": 0.47533333333333333,
        "7": 0.478,
        "8": 0.508,
        "9": 0.5253333333333333,
        "10": 0.5006666666666667,
        "11": 0.5186666666666667,
        "12": 0.5133333333333333,
        "13": 0.5206666666666667,
        "14": 0.5106666666666667,
        "15": 0.5066666666666667,
        "16": 0.5013333333333333,
        "17": 0.5026666666666667,
        "18": 0.5026666666666667,
        "19": 0.49733333333333335,
        "20": 0.5013333333333333,
        "21": 0.5006666666666667,
        "22": 0.5046666666666667,
        "23": 0.5053333333333333,
        "24": 0.5126666666666667,
        "25": 0.5053333333333333,
        "26": 0.49533333333333335,
        "27": 0.5073333333333333,
        "28": 0.494,
        "29": 0.5026666666666667,
        "30": 0.5013333333333333,
        "31": 0.512,
        "32": 0.49866666666666665,
        "33": 0.48533333333333334,
        "34": 0.5053333333333333,
        "35": 0.5026666666666667,
        "36": 0.5
      },
      "best_layer": 9,
      "err_by_dist": {
        "0": [
          0.639344262295082,
          244
        ],
        "1": [
          0.5346534653465347,
          505
        ],
        "2": [
          0.36693548387096775,
          496
        ],
        "3": [
          0.40784313725490196,
          255
        ]
      },
      "err_by_dir": {
        "-1": [
          0.43224932249322495,
          738
        ],
        "0": [
          0.639344262295082,
          244
        ],
        "1": [
          0.4575289575289575,
          518
        ]
      }
    }
  }
}