{
  "model1": {
    "digits_paraphrase": {
      "acc_per_layer": {
        "1": 0.446,
        "2": 0.5566666666666666,
        "3": 0.558,
        "4": 0.4553333333333333,
        "5": 0.5586666666666666,
        "6": 0.5593333333333333,
        "7": 0.558,
        "8": 0.44266666666666665,
        "9": 0.4533333333333333,
        "10": 0.5486666666666666,
        "11": 0.5026666666666667,
        "12": 0.538,
        "13": 0.5073333333333333,
        "14": 0.5146666666666667,
        "15": 0.508,
        "16": 0.4493333333333333,
        "17": 0.4693333333333333,
        "18": 0.5593333333333333,
        "19": 0.5593333333333333,
        "20": 0.442,
        "21": 0.44133333333333336,
        "22": 0.5593333333333333,
        "23": 0.56,
        "24": 0.5593333333333333,
        "25": 0.45266666666666666,
        "26": 0.5593333333333333,
        "27": 0.5586666666666666,
        "28": 0.5593333333333333,
        "29": 0.5593333333333333,
        "30": 0.5593333333333333,
        "31": 0.5593333333333333,
        "32": 0.44666666666666666,
        "33": 0.5593333333333333,
        "34": 0.5553333333333333,
        "35": 0.5513333333333333,
        "36": 0.5593333333333333
      },
      "best_layer": 23,
      "err_by_dist": {
        "0": [
          0.9956331877729258,
          229
        ],
        "1": [
          1.0,
          432
        ],
        "2": [
          0.0,
          403
        ],
        "3": [
          0.0,
          436
        ]
      },
      "err_by_dir": {
        "-1": [
          0.33084947839046197,
          671
        ],
        "0": [
          0.9956331877729258,
          229
        ],
        "1": [
          0.35,
          600
        ]
      }
    },
    "words": {
      "acc_per_layer": {
        "1": 0.4826666666666667,
        "2": 0.5473333333333333,
        "3": 0.568,
        "4": 0.428,
        "5": 0.46066666666666667,
        "6": 0.506,
        "7": 0.548,
        "8": 0.428,
        "9": 0.42933333333333334,
        "10": 0.5453333333333333,
        "11": 0.4726666666666667,
        "12": 0.5046666666666667,
        "13": 0.49933333333333335,
        "14": 0.5406666666666666,
        "15": 0.544,
        "16": 0.4686666666666667,
        "17": 0.4693333333333333,
        "18": 0.5633333333333334,
        "19": 0.518,
        "20": 0.5313333333333333,
        "21": 0.48533333333333334,
        "22": 0.5493333333333333,
        "23": 0.5446666666666666,
        "24": 0.546,
        "25": 0.47933333333333333,
        "26": 0.538,
        "27": 0.5033333333333333,
        "28": 0.5033333333333333,
        "29": 0.5366666666666666,
        "30": 0.5206666666666667,
        "31": 0.5586666666666666,
        "32": 0.552,
        "33": 0.5746666666666667,
        "34": 0.5393333333333333,
        "35": 0.5573333333333333,
        "36": 0.566
      },
      "best_layer": 33,
      "err_by_dist": {
        "0": [
          0.9030612244897959,
          196
        ],
        "1": [
          0.9260089686098655,
          446
        ],
        "2": [
          0.0502283105022831,
          438
        ],
        "3": [
          0.06190476190476191,
          420
        ]
      },
      "err_by_dir": {
        "-1": [
          0.3421828908554572,
          678
        ],
        "0": [
          0.9030612244897959,
          196
        ],
        "1": [
          0.365814696485623,
          626
        ]
      }
    }
  }
}