{
  "model1": {
    "digits_paraphrase": {
      "acc_per_layer": {
        "1": 0.8346666666666667,
        "2": 0.824,
        "3": 0.7986666666666666,
        "4": 0.8433333333333334,
        "5": 0.7713333333333333,
        "6": 0.7506666666666667,
        "7": 0.7826666666666666,
        "8": 0.8186666666666667,
        "9": 0.5533333333333333,
        "10": 0.754,
        "11": 0.7946666666666666,
        "12": 0.7193333333333334,
        "13": 0.6393333333333333,
        "14": 0.748,
        "15": 0.6673333333333333,
        "16": 0.6253333333333333,
        "17": 0.714,
        "18": 0.4013333333333333,
        "19": 0.718,
        "20": 0.732,
        "21": 0.3526666666666667,
        "22": 0.754,
        "23": 0.7666666666666667,
        "24": 0.7573333333333333,
        "25": 0.748,
        "26": 0.756,
        "27": 0.7893333333333333,
        "28": 0.35133333333333333,
        "29": 0.776,
        "30": 0.566,
        "31": 0.7166666666666667,
        "32": 0.6593333333333333,
        "33": 0.6913333333333334,
        "34": 0.448,
        "35": 0.7273333333333334,
        "36": 0.7506666666666667
      },
      "best_layer": 4,
      "err_by_dist": {
        "0": [
          0.30532212885154064,
          357
        ],
        "1": [
          0.0377113133940182,
          769
        ],
        "2": [
          0.25935828877005346,
          374
        ]
      },
      "err_by_dir": {
        "-1": [
          0.14511873350923482,
          758
        ],
        "0": [
          0.30532212885154064,
          357
        ],
        "1": [
          0.04155844155844156,
          385
        ]
      }
    },
    "words": {
      "acc_per_layer": {
        "1": 0.746,
        "2": 0.75,
        "3": 0.7446666666666667,
        "4": 0.2693333333333333,
        "5": 0.346,
        "6": 0.6173333333333333,
        "7": 0.5253333333333333,
        "8": 0.648,
        "9": 0.396,
        "10": 0.7173333333333334,
        "11": 0.49533333333333335,
        "12": 0.31466666666666665,
        "13": 0.5806666666666667,
        "14": 0.5806666666666667,
        "15": 0.4713333333333333,
        "16": 0.464,
        "17": 0.43066666666666664,
        "18": 0.31066666666666665,
        "19": 0.5433333333333333,
        "20": 0.55,
        "21": 0.39666666666666667,
        "22": 0.44466666666666665,
        "23": 0.528,
        "24": 0.6586666666666666,
        "25": 0.52,
        "26": 0.578,
        "27": 0.37666666666666665,
        "28": 0.29733333333333334,
        "29": 0.44066666666666665,
        "30": 0.44733333333333336,
        "31": 0.3566666666666667,
        "32": 0.41533333333333333,
        "33": 0.562,
        "34": 0.562,
        "35": 0.5646666666666667,
        "36": 0.5633333333333334
      },
      "best_layer": 2,
      "err_by_dist": {
        "0": [
          0.0,
          367
        ],
        "1": [
          0.002631578947368421,
          760
        ],
        "2": [
          1.0,
          373
        ]
      },
      "err_by_dir": {
        "-1": [
          0.5020188425302826,
          743
        ],
        "0": [
          0.0,
          367
        ],
        "1": [
          0.005128205128205128,
          390
        ]
      }
    }
  }
}