{
  "model1": {
    "digits_paraphrase": {
      "acc_per_layer": {
        "1": 0.9066666666666666,
        "2": 0.816,
        "3": 0.9273333333333333,
        "4": 0.9606666666666667,
        "5": 0.968,
        "6": 0.9826666666666667,
        "7": 0.9833333333333333,
        "8": 0.986,
        "9": 0.988,
        "10": 0.9813333333333333,
        "11": 0.9813333333333333,
        "12": 0.9826666666666667,
        "13": 0.9806666666666667,
        "14": 0.9806666666666667,
        "15": 0.978,
        "16": 0.9706666666666667,
        "17": 0.9766666666666667,
        "18": 0.9606666666666667,
        "19": 0.9626666666666667,
        "20": 0.9413333333333334,
        "21": 0.9446666666666667,
        "22": 0.8726666666666667,
        "23": 0.928,
        "24": 0.9353333333333333,
        "25": 0.8893333333333333,
        "26": 0.83,
        "27": 0.8813333333333333,
        "28": 0.8486666666666667,
        "29": 0.8253333333333334,
        "30": 0.8466666666666667,
        "31": 0.794,
        "32": 0.8786666666666667,
        "33": 0.8,
        "34": 0.904,
        "35": 0.7633333333333333,
        "36": 0.7206666666666667,
        "37": 0.7626666666666667,
        "38": 0.814,
        "39": 0.828,
        "40": 0.722,
        "41": 0.7393333333333333,
        "42": 0.7746666666666666,
        "43": 0.8593333333333333,
        "44": 0.838,
        "45": 0.85,
        "46": 0.8446666666666667,
        "47": 0.9093333333333333,
        "48": 0.8993333333333333,
        "49": 0.8373333333333334,
        "50": 0.858,
        "51": 0.7513333333333333,
        "52": 0.8313333333333334,
        "53": 0.8313333333333334,
        "54": 0.806,
        "55": 0.8473333333333334,
        "56": 0.6133333333333333,
        "57": 0.8046666666666666,
        "58": 0.8126666666666666,
        "59": 0.8613333333333333,
        "60": 0.858,
        "61": 0.806,
        "62": 0.7433333333333333,
        "63": 0.818,
        "64": 0.81,
        "65": 0.8186666666666667,
        "66": 0.8306666666666667,
        "67": 0.8486666666666667,
        "68": 0.7653333333333333,
        "69": 0.8066666666666666,
        "70": 0.7473333333333333,
        "71": 0.6973333333333334,
        "72": 0.7153333333333334
      },
      "best_layer": 9,
      "err_by_dist": {
        "0": [
          0.03676470588235294,
          136
        ],
        "1": [
          0.040880503144654086,
          318
        ],
        "2": [
          0.0,
          296
        ],
        "3": [
          0.0,
          308
        ],
        "4": [
          0.0,
          299
        ],
        "5": [
          0.0,
          143
        ]
      },
      "err_by_dir": {
        "-1": [
          0.00655307994757536,
          763
        ],
        "0": [
          0.03676470588235294,
          136
        ],
        "1": [
          0.013311148086522463,
          601
        ]
      }
    },
    "words": {
      "acc_per_layer": {
        "1": 0.334,
        "2": 0.6406666666666667,
        "3": 0.67,
        "4": 0.544,
        "5": 0.628,
        "6": 0.522,
        "7": 0.5293333333333333,
        "8": 0.5206666666666667,
        "9": 0.528,
        "10": 0.6513333333333333,
        "11": 0.6946666666666667,
        "12": 0.7753333333333333,
        "13": 0.7713333333333333,
        "14": 0.774,
        "15": 0.776,
        "16": 0.7713333333333333,
        "17": 0.7853333333333333,
        "18": 0.8173333333333334,
        "19": 0.7266666666666667,
        "20": 0.634,
        "21": 0.7846666666666666,
        "22": 0.756,
        "23": 0.81,
        "24": 0.7853333333333333,
        "25": 0.73,
        "26": 0.742,
        "27": 0.7733333333333333,
        "28": 0.7786666666666666,
        "29": 0.768,
        "30": 0.6766666666666666,
        "31": 0.786,
        "32": 0.7926666666666666,
        "33": 0.6193333333333333,
        "34": 0.748,
        "35": 0.6853333333333333,
        "36": 0.694,
        "37": 0.6826666666666666,
        "38": 0.6673333333333333,
        "39": 0.686,
        "40": 0.5773333333333334,
        "41": 0.5246666666666666,
        "42": 0.6393333333333333,
        "43": 0.748,
        "44": 0.5566666666666666,
        "45": 0.666,
        "46": 0.612,
        "47": 0.546,
        "48": 0.5673333333333334,
        "49": 0.5726666666666667,
        "50": 0.646,
        "51": 0.7266666666666667,
        "52": 0.6846666666666666,
        "53": 0.6153333333333333,
        "54": 0.6186666666666667,
        "55": 0.726,
        "56": 0.5766666666666667,
        "57": 0.7293333333333333,
        "58": 0.6753333333333333,
        "59": 0.6506666666666666,
        "60": 0.5686666666666667,
        "61": 0.6226666666666667,
        "62": 0.5106666666666667,
        "63": 0.7253333333333334,
        "64": 0.662,
        "65": 0.7133333333333334,
        "66": 0.604,
        "67": 0.7226666666666667,
        "68": 0.7126666666666667,
        "69": 0.562,
        "70": 0.7706666666666667,
        "71": 0.7626666666666667,
        "72": 0.566
      },
      "best_layer": 18,
      "err_by_dist": {
        "0": [
          0.5714285714285714,
          140
        ],
        "1": [
          0.4702194357366771,
          319
        ],
        "2": [
          0.020833333333333332,
          288
        ],
        "3": [
          0.057432432432432436,
          296
        ],
        "4": [
          0.05128205128205128,
          312
        ],
        "5": [
          0.034482758620689655,
          145
        ]
      },
      "err_by_dir": {
        "-1": [
          0.138255033557047,
          745
        ],
        "0": [
          0.5714285714285714,
          140
        ],
        "1": [
          0.14796747967479676,
          615
        ]
      }
    }
  }
}