{
  "model1": {
    "digits_paraphrase": {
      "acc_per_layer": {
        "1": 0.8513333333333334,
        "2": 0.9666666666666667,
        "3": 0.964,
        "4": 0.92,
        "5": 0.9226666666666666,
        "6": 0.914,
        "7": 0.886,
        "8": 0.9573333333333334,
        "9": 0.8833333333333333,
        "10": 0.934,
        "11": 0.748,
        "12": 0.8133333333333334,
        "13": 0.846,
        "14": 0.82,
        "15": 0.852,
        "16": 0.8226666666666667,
        "17": 0.8153333333333334,
        "18": 0.7006666666666667,
        "19": 0.718,
        "20": 0.8886666666666667,
        "21": 0.7793333333333333,
        "22": 0.9066666666666666,
        "23": 0.948,
        "24": 0.9386666666666666,
        "25": 0.762,
        "26": 0.7826666666666666,
        "27": 0.812,
        "28": 0.8066666666666666,
        "29": 0.8866666666666667,
        "30": 0.8413333333333334,
        "31": 0.8713333333333333,
        "32": 0.7693333333333333,
        "33": 0.8,
        "34": 0.6993333333333334,
        "35": 0.704,
        "36": 0.7033333333333334
      },
      "best_layer": 2,
      "err_by_dist": {
        "0": [
          0.0,
          136
        ],
        "1": [
          0.0,
          318
        ],
        "2": [
          0.10135135135135136,
          296
        ],
        "3": [
          0.05194805194805195,
          308
        ],
        "4": [
          0.006688963210702341,
          299
        ],
        "5": [
          0.013986013986013986,
          143
        ]
      },
      "err_by_dir": {
        "-1": [
          0.03145478374836173,
          763
        ],
        "0": [
          0.0,
          136
        ],
        "1": [
          0.04326123128119801,
          601
        ]
      }
    },
    "words": {
      "acc_per_layer": {
        "1": 0.38466666666666666,
        "2": 0.47533333333333333,
        "3": 0.6113333333333333,
        "4": 0.4553333333333333,
        "5": 0.48733333333333334,
        "6": 0.5466666666666666,
        "7": 0.59,
        "8": 0.374,
        "9": 0.6053333333333333,
        "10": 0.5446666666666666,
        "11": 0.58,
        "12": 0.6806666666666666,
        "13": 0.6266666666666667,
        "14": 0.6086666666666667,
        "15": 0.676,
        "16": 0.6633333333333333,
        "17": 0.63,
        "18": 0.6853333333333333,
        "19": 0.638,
        "20": 0.5953333333333334,
        "21": 0.64,
        "22": 0.5773333333333334,
        "23": 0.6026666666666667,
        "24": 0.49266666666666664,
        "25": 0.5226666666666666,
        "26": 0.5673333333333334,
        "27": 0.6446666666666667,
        "28": 0.5626666666666666,
        "29": 0.624,
        "30": 0.586,
        "31": 0.526,
        "32": 0.5266666666666666,
        "33": 0.54,
        "34": 0.6793333333333333,
        "35": 0.674,
        "36": 0.43733333333333335
      },
      "best_layer": 18,
      "err_by_dist": {
        "0": [
          0.9571428571428572,
          140
        ],
        "1": [
          0.9216300940438872,
          319
        ],
        "2": [
          0.05555555555555555,
          288
        ],
        "3": [
          0.030405405405405407,
          296
        ],
        "4": [
          0.03205128205128205,
          312
        ],
        "5": [
          0.06206896551724138,
          145
        ]
      },
      "err_by_dir": {
        "-1": [
          0.2295302013422819,
          745
        ],
        "0": [
          0.9571428571428572,
          140
        ],
        "1": [
          0.27154471544715447,
          615
        ]
      }
    }
  }
}