{
  "model1": {
    "digits_paraphrase": {
      "acc_per_layer": {
        "1": 0.954,
        "2": 0.892,
        "3": 0.92,
        "4": 0.878,
        "5": 0.986,
        "6": 0.976,
        "7": 0.988,
        "8": 0.896,
        "9": 0.926,
        "10": 0.778,
        "11": 0.762,
        "12": 0.684,
        "13": 0.77,
        "14": 0.802,
        "15": 0.816,
        "16": 0.858,
        "17": 0.834,
        "18": 0.896,
        "19": 0.828,
        "20": 0.684,
        "21": 0.728,
        "22": 0.818,
        "23": 0.978,
        "24": 0.958,
        "25": 0.89,
        "26": 0.978,
        "27": 0.94,
        "28": 0.998
      },
      "best_layer": 28,
      "err_by_dist": {
        "0": [
          0.0,
          50
        ],
        "1": [
          0.00909090909090909,
          110
        ],
        "2": [
          0.0,
          95
        ],
        "3": [
          0.0,
          102
        ],
        "4": [
          0.0,
          98
        ],
        "5": [
          0.0,
          45
        ]
      },
      "err_by_dir": {
        "-1": [
          0.004,
          250
        ],
        "0": [
          0.0,
          50
        ],
        "1": [
          0.0,
          200
        ]
      }
    },
    "words": {
      "acc_per_layer": {
        "1": 0.378,
        "2": 0.696,
        "3": 0.696,
        "4": 0.696,
        "5": 0.602,
        "6": 0.346,
        "7": 0.55,
        "8": 0.522,
        "9": 0.53,
        "10": 0.606,
        "11": 0.602,
        "12": 0.654,
        "13": 0.584,
        "14": 0.676,
        "15": 0.69,
        "16": 0.704,
        "17": 0.602,
        "18": 0.668,
        "19": 0.348,
        "20": 0.57,
        "21": 0.462,
        "22": 0.422,
        "23": 0.328,
        "24": 0.524,
        "25": 0.306,
        "26": 0.556,
        "27": 0.448,
        "28": 0.37
      },
      "best_layer": 16,
      "err_by_dist": {
        "0": [
          0.8727272727272727,
          55
        ],
        "1": [
          0.9690721649484536,
          97
        ],
        "2": [
          0.02127659574468085,
          94
        ],
        "3": [
          0.010309278350515464,
          97
        ],
        "4": [
          0.017543859649122806,
          114
        ],
        "5": [
          0.023255813953488372,
          43
        ]
      },
      "err_by_dir": {
        "-1": [
          0.18875502008032127,
          249
        ],
        "0": [
          0.8727272727272727,
          55
        ],
        "1": [
          0.27040816326530615,
          196
        ]
      }
    }
  }
}