{
  "model1": {
    "digits_paraphrase": {
      "acc_per_layer": {
        "1": 0.976,
        "2": 0.9846666666666667,
        "3": 0.9773333333333334,
        "4": 0.99,
        "5": 0.9953333333333333,
        "6": 0.982,
        "7": 0.992,
        "8": 0.99,
        "9": 0.9686666666666667,
        "10": 0.912,
        "11": 0.8806666666666667,
        "12": 0.9233333333333333,
        "13": 0.902,
        "14": 0.7453333333333333,
        "15": 0.818,
        "16": 0.8413333333333334,
        "17": 0.732,
        "18": 0.8506666666666667,
        "19": 0.8206666666666667,
        "20": 0.8233333333333334,
        "21": 0.8433333333333334,
        "22": 0.866,
        "23": 0.42133333333333334,
        "24": 0.6993333333333334,
        "25": 0.7586666666666667,
        "26": 0.7866666666666666,
        "27": 0.834,
        "28": 0.832,
        "29": 0.7006666666666667,
        "30": 0.7446666666666667,
        "31": 0.7726666666666666,
        "32": 0.7926666666666666,
        "33": 0.7753333333333333,
        "34": 0.7,
        "35": 0.7086666666666667,
        "36": 0.502
      },
      "best_layer": 5,
      "err_by_dist": {
        "0": [
          0.007352941176470588,
          136
        ],
        "1": [
          0.0,
          318
        ],
        "2": [
          0.013513513513513514,
          296
        ],
        "3": [
          0.003246753246753247,
          308
        ],
        "4": [
          0.0033444816053511705,
          299
        ],
        "5": [
          0.0,
          143
        ]
      },
      "err_by_dir": {
        "-1": [
          0.003931847968545216,
          763
        ],
        "0": [
          0.007352941176470588,
          136
        ],
        "1": [
          0.004991680532445923,
          601
        ]
      }
    },
    "words": {
      "acc_per_layer": {
        "1": 0.5546666666666666,
        "2": 0.42733333333333334,
        "3": 0.3313333333333333,
        "4": 0.342,
        "5": 0.4106666666666667,
        "6": 0.404,
        "7": 0.33266666666666667,
        "8": 0.35533333333333333,
        "9": 0.6093333333333333,
        "10": 0.49466666666666664,
        "11": 0.5933333333333334,
        "12": 0.48733333333333334,
        "13": 0.43333333333333335,
        "14": 0.46,
        "15": 0.5993333333333334,
        "16": 0.4553333333333333,
        "17": 0.374,
        "18": 0.41,
        "19": 0.5053333333333333,
        "20": 0.418,
        "21": 0.5186666666666667,
        "22": 0.5026666666666667,
        "23": 0.44733333333333336,
        "24": 0.36533333333333334,
        "25": 0.4713333333333333,
        "26": 0.526,
        "27": 0.498,
        "28": 0.4126666666666667,
        "29": 0.492,
        "30": 0.5386666666666666,
        "31": 0.584,
        "32": 0.662,
        "33": 0.6573333333333333,
        "34": 0.68,
        "35": 0.63,
        "36": 0.5846666666666667
      },
      "best_layer": 34,
      "err_by_dist": {
        "0": [
          1.0,
          140
        ],
        "1": [
          0.9498432601880877,
          319
        ],
        "2": [
          0.03819444444444445,
          288
        ],
        "3": [
          0.033783783783783786,
          296
        ],
        "4": [
          0.02564102564102564,
          312
        ],
        "5": [
          0.05517241379310345,
          145
        ]
      },
      "err_by_dir": {
        "-1": [
          0.2295302013422819,
          745
        ],
        "0": [
          1.0,
          140
        ],
        "1": [
          0.27479674796747966,
          615
        ]
      }
    }
  }
}