{"mmlu": {"acc,none": 0.6160354883759139, "acc_stderr,none": 0.004191609357351572, "alias": "mmlu"}, "mmlu_humanities": {"acc,none": 0.6144688644688645, "acc_stderr,none": 0.00800723300875449, "alias": " - humanities"}, "mmlu_formal_logic": {"alias": "  - formal_logic", "acc,none": 0.49206349206349204, "acc_stderr,none": 0.04471572536294351}, "mmlu_high_school_european_history": {"alias": "  - high_school_european_history", "acc,none": 0.7515151515151515, "acc_stderr,none": 0.03374402644139407}, "mmlu_high_school_us_history": {"alias": "  - high_school_us_history", "acc,none": 0.75, "acc_stderr,none": 0.03039153369274154}, "mmlu_high_school_world_history": {"alias": "  - high_school_world_history", "acc,none": 0.7932489451476793, "acc_stderr,none": 0.026361651668389073}, "mmlu_international_law": {"alias": "  - international_law", "acc,none": 0.768595041322314, "acc_stderr,none": 0.03849856098794088}, "mmlu_jurisprudence": {"alias": "  - jurisprudence", "acc,none": 0.7685185185185185, "acc_stderr,none": 0.040774947092526284}, "mmlu_logical_fallacies": {"alias": "  - logical_fallacies", "acc,none": 0.7607361963190185, "acc_stderr,none": 0.033519538795212675}, "mmlu_moral_disputes": {"alias": "  - moral_disputes", "acc,none": 0.661849710982659, "acc_stderr,none": 0.025469770149400144}, "mmlu_moral_scenarios": {"alias": "  - moral_scenarios", "acc,none": 0.32, "acc_stderr,none": 0.02088234048876172}, "mmlu_philosophy": {"alias": "  - philosophy", "acc,none": 0.707395498392283, "acc_stderr,none": 0.02583989833487794}, "mmlu_prehistory": {"alias": "  - prehistory", "acc,none": 0.6666666666666666, "acc_stderr,none": 0.026229649178821125}, "mmlu_professional_law": {"alias": "  - professional_law", "acc,none": 0.454, "acc_stderr,none": 0.02228814759117707}, "mmlu_world_religions": {"alias": "  - world_religions", "acc,none": 0.783625730994152, "acc_stderr,none": 0.03158149539338735}, "mmlu_other": {"acc,none": 0.6434135977337111, "acc_stderr,none": 0.008716802935197774, "alias": " - other"}, "mmlu_business_ethics": {"alias": "  - business_ethics", "acc,none": 0.64, "acc_stderr,none": 0.048241815132442176}, "mmlu_clinical_knowledge": {"alias": "  - clinical_knowledge", "acc,none": 0.660377358490566, "acc_stderr,none": 0.029146904747798335}, "mmlu_college_medicine": {"alias": "  - college_medicine", "acc,none": 0.6069364161849711, "acc_stderr,none": 0.0372424959581773}, "mmlu_global_facts": {"alias": "  - global_facts", "acc,none": 0.29, "acc_stderr,none": 0.045604802157206865}, "mmlu_human_aging": {"alias": "  - human_aging", "acc,none": 0.6636771300448431, "acc_stderr,none": 0.031708824268455046}, "mmlu_management": {"alias": "  - management", "acc,none": 0.7864077669902912, "acc_stderr,none": 0.04058042015646035}, "mmlu_marketing": {"alias": "  - marketing", "acc,none": 0.8803418803418803, "acc_stderr,none": 0.021262719400406926}, "mmlu_medical_genetics": {"alias": "  - medical_genetics", "acc,none": 0.66, "acc_stderr,none": 0.04760952285695234}, "mmlu_miscellaneous": {"alias": "  - miscellaneous", "acc,none": 0.726, "acc_stderr,none": 0.019966103540279518}, "mmlu_nutrition": {"alias": "  - nutrition", "acc,none": 0.6764705882352942, "acc_stderr,none": 0.026787453111906473}, "mmlu_professional_accounting": {"alias": "  - professional_accounting", "acc,none": 0.48226950354609927, "acc_stderr,none": 0.02980873964223769}, "mmlu_professional_medicine": {"alias": "  - professional_medicine", "acc,none": 0.5772058823529411, "acc_stderr,none": 0.030008562845003476}, "mmlu_virology": {"alias": "  - virology", "acc,none": 0.4819277108433735, "acc_stderr,none": 0.03889951252827222}, "mmlu_social_sciences": {"acc,none": 0.7065068493150685, "acc_stderr,none": 0.008266500828730431, "alias": " - social sciences"}, "mmlu_econometrics": {"alias": "  - econometrics", "acc,none": 0.47368421052631576, "acc_stderr,none": 0.046970851366478654}, "mmlu_high_school_geography": {"alias": "  - high_school_geography", "acc,none": 0.7676767676767676, "acc_stderr,none": 0.030088629490217438}, "mmlu_high_school_government_and_politics": {"alias": "  - high_school_government_and_politics", "acc,none": 0.8393782383419689, "acc_stderr,none": 0.02649905770139739}, "mmlu_high_school_macroeconomics": {"alias": "  - high_school_macroeconomics", "acc,none": 0.6307692307692307, "acc_stderr,none": 0.02446861524147896}, "mmlu_high_school_microeconomics": {"alias": "  - high_school_microeconomics", "acc,none": 0.6848739495798319, "acc_stderr,none": 0.030176808288974327}, "mmlu_high_school_psychology": {"alias": "  - high_school_psychology", "acc,none": 0.798, "acc_stderr,none": 0.017973260031288275}, "mmlu_human_sexuality": {"alias": "  - human_sexuality", "acc,none": 0.6335877862595419, "acc_stderr,none": 0.0422587545196964}, "mmlu_professional_psychology": {"alias": "  - professional_psychology", "acc,none": 0.618, "acc_stderr,none": 0.02175082059125093}, "mmlu_public_relations": {"alias": "  - public_relations", "acc,none": 0.6272727272727273, "acc_stderr,none": 0.04631381319425461}, "mmlu_security_studies": {"alias": "  - security_studies", "acc,none": 0.7673469387755102, "acc_stderr,none": 0.02704925791589615}, "mmlu_sociology": {"alias": "  - sociology", "acc,none": 0.7860696517412935, "acc_stderr,none": 0.028996909693328965}, "mmlu_us_foreign_policy": {"alias": "  - us_foreign_policy", "acc,none": 0.8, "acc_stderr,none": 0.04020151261036849}, "mmlu_stem": {"acc,none": 0.5093561687281953, "acc_stderr,none": 0.008550847471276464, "alias": " - stem"}, "mmlu_abstract_algebra": {"alias": "  - abstract_algebra", "acc,none": 0.32, "acc_stderr,none": 0.04688261722621507}, "mmlu_anatomy": {"alias": "  - anatomy", "acc,none": 0.6, "acc_stderr,none": 0.0423207369515159}, "mmlu_astronomy": {"alias": "  - astronomy", "acc,none": 0.6710526315789473, "acc_stderr,none": 0.03823428969926598}, "mmlu_college_biology": {"alias": "  - college_biology", "acc,none": 0.6666666666666666, "acc_stderr,none": 0.03942082639927217}, "mmlu_college_chemistry": {"alias": "  - college_chemistry", "acc,none": 0.4, "acc_stderr,none": 0.0492365963917331}, "mmlu_college_computer_science": {"alias": "  - college_computer_science", "acc,none": 0.48, "acc_stderr,none": 0.05021167315686783}, "mmlu_college_mathematics": {"alias": "  - college_mathematics", "acc,none": 0.28, "acc_stderr,none": 0.045126085985421296}, "mmlu_college_physics": {"alias": "  - college_physics", "acc,none": 0.43137254901960786, "acc_stderr,none": 0.049280995972875316}, "mmlu_computer_security": {"alias": "  - computer_security", "acc,none": 0.75, "acc_stderr,none": 0.04351941398892446}, "mmlu_conceptual_physics": {"alias": "  - conceptual_physics", "acc,none": 0.5702127659574469, "acc_stderr,none": 0.03236214467715557}, "mmlu_electrical_engineering": {"alias": "  - electrical_engineering", "acc,none": 0.5724137931034483, "acc_stderr,none": 0.041227371113703344}, "mmlu_elementary_mathematics": {"alias": "  - elementary_mathematics", "acc,none": 0.3968253968253968, "acc_stderr,none": 0.02519710107424644}, "mmlu_high_school_biology": {"alias": "  - high_school_biology", "acc,none": 0.7516129032258064, "acc_stderr,none": 0.024580028921481045}, "mmlu_high_school_chemistry": {"alias": "  - high_school_chemistry", "acc,none": 0.4827586206896552, "acc_stderr,none": 0.035158955511657014}, "mmlu_high_school_computer_science": {"alias": "  - high_school_computer_science", "acc,none": 0.61, "acc_stderr,none": 0.04902071300001973}, "mmlu_high_school_mathematics": {"alias": "  - high_school_mathematics", "acc,none": 0.31851851851851853, "acc_stderr,none": 0.028406533090608428}, "mmlu_high_school_physics": {"alias": "  - high_school_physics", "acc,none": 0.36423841059602646, "acc_stderr,none": 0.039291117812427355}, "mmlu_high_school_statistics": {"alias": "  - high_school_statistics", "acc,none": 0.5370370370370371, "acc_stderr,none": 0.03400603625538274}, "mmlu_machine_learning": {"alias": "  - machine_learning", "acc,none": 0.39285714285714285,