{
  "model1": {
    "digits_paraphrase": {
      "acc_per_layer": {
        "1": 0.636,
        "2": 0.6113333333333333,
        "3": 0.5846666666666667,
        "4": 0.5866666666666667,
        "5": 0.608,
        "6": 0.5766666666666667,
        "7": 0.6006666666666667,
        "8": 0.5933333333333334,
        "9": 0.6026666666666667,
        "10": 0.6873333333333334,
        "11": 0.774,
        "12": 0.7593333333333333,
        "13": 0.7606666666666667,
        "14": 0.8093333333333333,
        "15": 0.8153333333333334,
        "16": 0.664,
        "17": 0.704,
        "18": 0.7773333333333333,
        "19": 0.6973333333333334,
        "20": 0.7593333333333333,
        "21": 0.6853333333333333,
        "22": 0.7913333333333333,
        "23": 0.6933333333333334,
        "24": 0.7453333333333333,
        "25": 0.724,
        "26": 0.7353333333333333,
        "27": 0.676,
        "28": 0.6793333333333333,
        "29": 0.6673333333333333,
        "30": 0.6473333333333333,
        "31": 0.6673333333333333,
        "32": 0.654,
        "33": 0.6833333333333333,
        "34": 0.6573333333333333,
        "35": 0.6533333333333333,
        "36": 0.674,
        "37": 0.6833333333333333,
        "38": 0.668,
        "39": 0.6946666666666667,
        "40": 0.662,
        "41": 0.7086666666666667,
        "42": 0.68,
        "43": 0.6506666666666666,
        "44": 0.682,
        "45": 0.6646666666666666,
        "46": 0.6446666666666667,
        "47": 0.6573333333333333,
        "48": 0.6566666666666666,
        "49": 0.6786666666666666,
        "50": 0.656,
        "51": 0.7033333333333334,
        "52": 0.6493333333333333,
        "53": 0.6626666666666666,
        "54": 0.6506666666666666,
        "55": 0.6526666666666666,
        "56": 0.68,
        "57": 0.642,
        "58": 0.6413333333333333,
        "59": 0.6626666666666666,
        "60": 0.6413333333333333,
        "61": 0.6426666666666667,
        "62": 0.642,
        "63": 0.6633333333333333,
        "64": 0.6426666666666667,
        "65": 0.6566666666666666,
        "66": 0.6533333333333333,
        "67": 0.45066666666666666,
        "68": 0.6533333333333333,
        "69": 0.6493333333333333,
        "70": 0.6466666666666666,
        "71": 0.6413333333333333,
        "72": 0.6413333333333333
      },
      "best_layer": 15,
      "err_by_dist": {
        "0": [
          0.12637362637362637,
          182
        ],
        "1": [
          0.351123595505618,
          356
        ],
        "2": [
          0.2745762711864407,
          295
        ],
        "3": [
          0.09061488673139159,
          309
        ],
        "4": [
          0.055865921787709494,
          358
        ]
      },
      "err_by_dir": {
        "-1": [
          0.19161676646706588,
          668
        ],
        "0": [
          0.12637362637362637,
          182
        ],
        "1": [
          0.19384615384615383,
          650
        ]
      }
    },
    "words": {
      "acc_per_layer": {
        "1": 0.5833333333333334,
        "2": 0.5046666666666667,
        "3": 0.5193333333333333,
        "4": 0.56,
        "5": 0.4186666666666667,
        "6": 0.5506666666666666,
        "7": 0.5833333333333334,
        "8": 0.6046666666666667,
        "9": 0.5786666666666667,
        "10": 0.63,
        "11": 0.6513333333333333,
        "12": 0.6733333333333333,
        "13": 0.662,
        "14": 0.6726666666666666,
        "15": 0.6693333333333333,
        "16": 0.674,
        "17": 0.6773333333333333,
        "18": 0.6693333333333333,
        "19": 0.6713333333333333,
        "20": 0.664,
        "21": 0.674,
        "22": 0.662,
        "23": 0.6686666666666666,
        "24": 0.652,
        "25": 0.6706666666666666,
        "26": 0.6593333333333333,
        "27": 0.6153333333333333,
        "28": 0.6446666666666667,
        "29": 0.6706666666666666,
        "30": 0.6526666666666666,
        "31": 0.6746666666666666,
        "32": 0.674,
        "33": 0.6753333333333333,
        "34": 0.656,
        "35": 0.6686666666666666,
        "36": 0.6613333333333333,
        "37": 0.6613333333333333,
        "38": 0.668,
        "39": 0.6486666666666666,
        "40": 0.6713333333333333,
        "41": 0.5626666666666666,
        "42": 0.6153333333333333,
        "43": 0.6386666666666667,
        "44": 0.5926666666666667,
        "45": 0.6226666666666667,
        "46": 0.676,
        "47": 0.656,
        "48": 0.5046666666666667,
        "49": 0.47733333333333333,
        "50": 0.5586666666666666,
        "51": 0.5706666666666667,
        "52": 0.6286666666666667,
        "53": 0.6133333333333333,
        "54": 0.6773333333333333,
        "55": 0.5526666666666666,
        "56": 0.514,
        "57": 0.6433333333333333,
        "58": 0.6713333333333333,
        "59": 0.6066666666666667,
        "60": 0.6473333333333333,
        "61": 0.632,
        "62": 0.646,
        "63": 0.498,
        "64": 0.6413333333333333,
        "65": 0.5006666666666667,
        "66": 0.5206666666666667,
        "67": 0.454,
        "68": 0.5893333333333334,
        "69": 0.4633333333333333,
        "70": 0.5953333333333334,
        "71": 0.6686666666666666,
        "72": 0.6426666666666667
      },
      "best_layer": 17,
      "err_by_dist": {
        "0": [
          0.9358974358974359,
          156
        ],
        "1": [
          0.963855421686747,
          332
        ],
        "2": [
          0.0375,
          320
        ],
        "3": [
          0.011661807580174927,
          343
        ],
        "4": [
          0.0057306590257879654,
          349
        ]
      },
      "err_by_dir": {
        "-1": [
          0.26186830015313933,
          653
        ],
        "0": [
          0.9358974358974359,
          156
        ],
        "1": [
          0.24167872648335745,
          691
        ]
      }
    }
  }
}