{
  "model1": {
    "digits_paraphrase": {
      "acc_per_layer": {
        "1": 0.6393333333333333,
        "2": 0.378,
        "3": 0.6193333333333333,
        "4": 0.502,
        "5": 0.6226666666666667,
        "6": 0.6393333333333333,
        "7": 0.63,
        "8": 0.6473333333333333,
        "9": 0.6413333333333333,
        "10": 0.648,
        "11": 0.49933333333333335,
        "12": 0.6513333333333333,
        "13": 0.648,
        "14": 0.622,
        "15": 0.5046666666666667,
        "16": 0.6393333333333333,
        "17": 0.6446666666666667,
        "18": 0.642,
        "19": 0.6446666666666667,
        "20": 0.642,
        "21": 0.6093333333333333,
        "22": 0.646,
        "23": 0.6553333333333333,
        "24": 0.64,
        "25": 0.5813333333333334,
        "26": 0.6413333333333333,
        "27": 0.62,
        "28": 0.5873333333333334,
        "29": 0.4533333333333333,
        "30": 0.6413333333333333,
        "31": 0.6406666666666667,
        "32": 0.6413333333333333,
        "33": 0.6433333333333333,
        "34": 0.6413333333333333,
        "35": 0.5053333333333333,
        "36": 0.63,
        "37": 0.606,
        "38": 0.6393333333333333,
        "39": 0.61,
        "40": 0.6433333333333333,
        "41": 0.6406666666666667,
        "42": 0.6353333333333333,
        "43": 0.6413333333333333,
        "44": 0.3586666666666667
      },
      "best_layer": 23,
      "err_by_dist": {
        "0": [
          0.7912087912087912,
          182
        ],
        "1": [
          0.8960674157303371,
          356
        ],
        "2": [
          0.07457627118644068,
          295
        ],
        "3": [
          0.05177993527508091,
          309
        ],
        "4": [
          0.0446927374301676,
          358
        ]
      },
      "err_by_dir": {
        "-1": [
          0.2964071856287425,
          668
        ],
        "0": [
          0.7912087912087912,
          182
        ],
        "1": [
          0.2692307692307692,
          650
        ]
      }
    },
    "words": {
      "acc_per_layer": {
        "1": 0.5866666666666667,
        "2": 0.42,
        "3": 0.65,
        "4": 0.5373333333333333,
        "5": 0.5186666666666667,
        "6": 0.656,
        "7": 0.6206666666666667,
        "8": 0.49933333333333335,
        "9": 0.6553333333333333,
        "10": 0.546,
        "11": 0.4146666666666667,
        "12": 0.638,
        "13": 0.5966666666666667,
        "14": 0.5126666666666667,
        "15": 0.3406666666666667,
        "16": 0.486,
        "17": 0.42533333333333334,
        "18": 0.5713333333333334,
        "19": 0.5986666666666667,
        "20": 0.6593333333333333,
        "21": 0.6026666666666667,
        "22": 0.646,
        "23": 0.44133333333333336,
        "24": 0.674,
        "25": 0.422,
        "26": 0.5306666666666666,
        "27": 0.5706666666666667,
        "28": 0.502,
        "29": 0.3406666666666667,
        "30": 0.6506666666666666,
        "31": 0.672,
        "32": 0.6726666666666666,
        "33": 0.5533333333333333,
        "34": 0.6746666666666666,
        "35": 0.5,
        "36": 0.5066666666666667,
        "37": 0.5993333333333334,
        "38": 0.6193333333333333,
        "39": 0.49333333333333335,
        "40": 0.5906666666666667,
        "41": 0.42333333333333334,
        "42": 0.5266666666666666,
        "43": 0.676,
        "44": 0.3253333333333333
      },
      "best_layer": 43,
      "err_by_dist": {
        "0": [
          1.0,
          156
        ],
        "1": [
          0.9939759036144579,
          332
        ],
        "2": [
          0.0,
          320
        ],
        "3": [
          0.0,
          343
        ],
        "4": [
          0.0,
          349
        ]
      },
      "err_by_dir": {
        "-1": [
          0.2572741194486983,
          653
        ],
        "0": [
          1.0,
          156
        ],
        "1": [
          0.23444283646888567,
          691
        ]
      }
    }
  }
}