{
  "model1": {
    "digits_paraphrase": {
      "acc_per_layer": {
        "1": 0.644,
        "2": 0.642,
        "3": 0.6386666666666667,
        "4": 0.6193333333333333,
        "5": 0.6413333333333333,
        "6": 0.64,
        "7": 0.6413333333333333,
        "8": 0.6406666666666667,
        "9": 0.636,
        "10": 0.6406666666666667,
        "11": 0.6273333333333333,
        "12": 0.6,
        "13": 0.5313333333333333,
        "14": 0.6413333333333333,
        "15": 0.6153333333333333,
        "16": 0.6406666666666667,
        "17": 0.6406666666666667,
        "18": 0.64,
        "19": 0.6413333333333333,
        "20": 0.614,
        "21": 0.6393333333333333,
        "22": 0.6413333333333333,
        "23": 0.6373333333333333,
        "24": 0.6413333333333333,
        "25": 0.6293333333333333,
        "26": 0.6286666666666667,
        "27": 0.6413333333333333,
        "28": 0.642,
        "29": 0.6413333333333333,
        "30": 0.546,
        "31": 0.6413333333333333,
        "32": 0.6406666666666667,
        "33": 0.6413333333333333,
        "34": 0.6406666666666667,
        "35": 0.6393333333333333,
        "36": 0.6393333333333333
      },
      "best_layer": 1,
      "err_by_dist": {
        "0": [
          0.9835164835164835,
          182
        ],
        "1": [
          0.9971910112359551,
          356
        ],
        "2": [
          0.0,
          295
        ],
        "3": [
          0.0,
          309
        ],
        "4": [
          0.0,
          358
        ]
      },
      "err_by_dir": {
        "-1": [
          0.27694610778443113,
          668
        ],
        "0": [
          0.9835164835164835,
          182
        ],
        "1": [
          0.26153846153846155,
          650
        ]
      }
    },
    "words": {
      "acc_per_layer": {
        "1": 0.624,
        "2": 0.6746666666666666,
        "3": 0.6673333333333333,
        "4": 0.6493333333333333,
        "5": 0.6746666666666666,
        "6": 0.5646666666666667,
        "7": 0.6733333333333333,
        "8": 0.44666666666666666,
        "9": 0.5573333333333333,
        "10": 0.6733333333333333,
        "11": 0.6413333333333333,
        "12": 0.5053333333333333,
        "13": 0.332,
        "14": 0.5846666666666667,
        "15": 0.454,
        "16": 0.544,
        "17": 0.522,
        "18": 0.56,
        "19": 0.6746666666666666,
        "20": 0.5806666666666667,
        "21": 0.5173333333333333,
        "22": 0.5793333333333334,
        "23": 0.67,
        "24": 0.5986666666666667,
        "25": 0.5593333333333333,
        "26": 0.5013333333333333,
        "27": 0.6046666666666667,
        "28": 0.6453333333333333,
        "29": 0.668,
        "30": 0.5993333333333334,
        "31": 0.6706666666666666,
        "32": 0.6733333333333333,
        "33": 0.666,
        "34": 0.6086666666666667,
        "35": 0.5773333333333334,
        "36": 0.576
      },
      "best_layer": 2,
      "err_by_dist": {
        "0": [
          1.0,
          156
        ],
        "1": [
          1.0,
          332
        ],
        "2": [
          0.0,
          320
        ],
        "3": [
          0.0,
          343
        ],
        "4": [
          0.0,
          349
        ]
      },
      "err_by_dir": {
        "-1": [
          0.2572741194486983,
          653
        ],
        "0": [
          1.0,
          156
        ],
        "1": [
          0.23733719247467439,
          691
        ]
      }
    }
  }
}