{
  "model1": {
    "digits_paraphrase": {
      "acc_per_layer": {
        "1": 0.372,
        "2": 0.344,
        "3": 0.336,
        "4": 0.576,
        "5": 0.672,
        "6": 0.672,
        "7": 0.392,
        "8": 0.33,
        "9": 0.484,
        "10": 0.326,
        "11": 0.45,
        "12": 0.398,
        "13": 0.364,
        "14": 0.428,
        "15": 0.336,
        "16": 0.336,
        "17": 0.632,
        "18": 0.342,
        "19": 0.622,
        "20": 0.586,
        "21": 0.436,
        "22": 0.328,
        "23": 0.614,
        "24": 0.61,
        "25": 0.494,
        "26": 0.376,
        "27": 0.52,
        "28": 0.672
      },
      "best_layer": 5,
      "err_by_dist": {
        "0": [
          1.0,
          55
        ],
        "1": [
          1.0,
          109
        ],
        "2": [
          0.0,
          107
        ],
        "3": [
          0.0,
          110
        ],
        "4": [
          0.0,
          119
        ]
      },
      "err_by_dir": {
        "-1": [
          0.2465753424657534,
          219
        ],
        "0": [
          1.0,
          55
        ],
        "1": [
          0.24336283185840707,
          226
        ]
      }
    },
    "words": {
      "acc_per_layer": {
        "1": 0.3,
        "2": 0.306,
        "3": 0.3,
        "4": 0.31,
        "5": 0.7,
        "6": 0.7,
        "7": 0.432,
        "8": 0.3,
        "9": 0.614,
        "10": 0.46,
        "11": 0.52,
        "12": 0.298,
        "13": 0.556,
        "14": 0.306,
        "15": 0.438,
        "16": 0.542,
        "17": 0.4,
        "18": 0.576,
        "19": 0.7,
        "20": 0.534,
        "21": 0.576,
        "22": 0.336,
        "23": 0.656,
        "24": 0.668,
        "25": 0.452,
        "26": 0.328,
        "27": 0.304,
        "28": 0.7
      },
      "best_layer": 5,
      "err_by_dist": {
        "0": [
          1.0,
          59
        ],
        "1": [
          1.0,
          91
        ],
        "2": [
          0.0,
          112
        ],
        "3": [
          0.0,
          121
        ],
        "4": [
          0.0,
          117
        ]
      },
      "err_by_dir": {
        "-1": [
          0.19718309859154928,
          213
        ],
        "0": [
          1.0,
          59
        ],
        "1": [
          0.2149122807017544,
          228
        ]
      }
    }
  }
}